mode;gf
D
nbcol;nblignes
20;50
X capteur;Y capteur
9;46
7;34
14;34
7;25
16;17
9;43
5;17
6;7
15;25
25;14
29;16
33;18
37;21
26;5
34;31
26;42
29;46
33;42
adresse du fond:
/Images/2pieds2.png
Commentaire:
 
1,1,1,1,1,1,1,1,1,1,1,1,1,1,1,1,1,1,
00
#
1;715;245;300;49;0;0;0;157;413
2;716;245;299;50;0;0;0;157;413
3;715;245;299;51;0;0;0;157;413
4;714;245;299;51;0;0;0;157;413
5;712;245;299;52;0;0;0;157;413
6;710;246;299;51;0;0;0;157;414
7;707;246;299;50;0;0;0;158;414
8;705;248;299;51;0;0;0;158;415
9;701;249;299;53;0;0;0;158;415
10;697;251;298;53;0;0;0;158;416
11;692;252;298;54;0;0;0;157;416
12;687;253;297;55;0;0;0;157;415
13;682;255;297;55;0;0;0;157;416
14;678;256;296;55;0;0;0;157;416
15;677;256;295;57;0;0;0;157;415
16;674;257;294;57;0;0;0;157;415
17;672;256;294;56;0;0;0;157;415
18;672;255;295;55;0;0;0;156;415
19;673;256;295;55;0;0;0;157;414
20;674;257;295;54;0;0;0;157;414
21;676;255;295;55;0;0;0;157;414
22;677;256;295;56;0;0;0;157;414
23;678;258;295;58;0;0;0;156;415
24;681;259;295;58;0;0;0;156;415
25;682;258;295;58;0;0;0;156;415
26;683;258;294;59;0;0;0;156;414
27;686;258;295;59;0;0;0;156;414
28;688;257;295;58;0;0;0;157;414
29;689;256;295;59;0;0;0;157;414
30;692;255;295;58;0;0;0;157;414
31;695;254;295;55;0;0;0;157;413
32;697;251;295;56;0;0;0;157;412
33;699;251;295;56;0;0;0;156;412
34;701;251;296;55;0;0;0;157;412
35;702;250;295;56;0;0;0;156;412
36;705;250;295;57;0;0;0;156;411
37;708;251;296;56;0;0;0;156;411
38;711;250;295;56;0;0;0;156;411
39;712;251;295;57;0;0;0;156;411
40;713;252;295;58;0;0;0;156;410
41;715;253;295;57;0;0;0;156;410
42;718;254;294;57;0;0;0;156;410
43;719;254;293;55;0;0;0;156;410
44;720;252;293;53;0;0;0;156;410
45;720;252;293;53;0;0;0;156;409
46;721;253;293;53;0;0;0;155;408
47;721;251;292;53;0;0;0;156;408
48;721;250;291;50;0;0;0;155;408
49;723;247;291;52;0;0;0;154;407
50;724;246;290;53;0;0;0;155;406
51;725;245;289;53;0;0;0;155;405
52;726;245;286;54;0;0;0;155;404
53;726;244;284;54;0;0;0;154;403
54;727;243;283;54;0;0;0;154;401
55;728;244;282;56;0;0;0;155;399
56;729;244;281;56;0;0;0;155;398
57;728;244;280;54;0;0;0;155;396
58;728;241;279;55;0;0;0;154;394
59;729;241;279;55;0;0;0;154;393
60;729;240;279;54;0;0;0;154;392
61;731;238;279;55;0;0;0;153;390
62;732;237;278;55;0;0;0;152;390
63;733;234;279;54;0;0;0;151;389
64;734;234;278;53;0;0;0;150;389
65;735;234;278;53;0;0;0;149;389
66;736;235;279;52;0;0;0;147;389
67;735;234;279;53;0;0;0;145;389
68;737;233;279;54;0;0;0;144;388
69;738;233;279;52;0;0;0;142;388
70;738;232;279;51;0;0;0;140;388
71;739;232;278;51;0;0;0;138;388
72;743;230;278;53;0;0;0;135;388
73;742;229;278;55;0;0;0;132;387
74;743;229;277;58;0;0;0;128;386
75;745;228;277;60;0;0;0;125;386
76;745;228;276;65;0;0;0;120;385
77;744;228;276;70;0;0;0;117;384
78;743;227;277;76;0;0;0;112;382
79;741;226;276;81;0;0;0;108;380
80;740;227;275;86;0;0;0;105;377
81;738;227;274;91;0;0;0;102;375
82;736;224;272;98;0;0;0;99;371
83;733;224;269;103;0;0;0;96;367
84;732;223;268;106;0;0;0;93;363
85;729;223;265;111;0;0;0;90;359
86;727;222;263;116;0;0;0;88;356
87;724;221;262;121;0;0;0;86;352
88;719;221;262;125;0;0;0;84;350
89;718;220;261;127;0;0;0;81;347
90;715;219;260;130;0;0;0;80;345
91;712;219;261;133;0;0;0;79;344
92;706;218;261;135;0;0;0;77;343
93;703;217;262;136;0;0;0;76;342
94;697;217;262;137;0;0;0;74;343
95;691;217;263;138;0;0;0;73;345
96;685;216;262;140;0;0;0;72;347
97;679;217;263;141;0;0;0;71;350
98;672;217;263;142;0;0;0;71;354
99;664;215;263;143;0;0;0;72;358
100;656;216;262;143;0;0;0;73;363
101;649;216;260;144;0;0;0;76;368
102;644;216;260;145;0;0;0;79;373
103;637;217;260;143;0;0;0;84;377
104;631;217;260;141;0;0;0;91;382
105;625;217;260;139;0;0;0;99;386
106;621;218;260;134;0;0;0;107;391
107;618;218;261;129;0;0;0;115;396
108;616;217;261;126;0;0;0;123;401
109;614;217;262;119;0;0;0;130;405
110;612;217;263;111;0;0;0;137;409
111;611;217;263;106;0;0;0;142;412
112;611;216;263;100;0;0;0;145;415
113;612;216;264;95;0;0;0;148;418
114;611;216;264;91;0;0;0;150;420
115;611;216;264;87;0;0;0;151;421
116;611;217;265;83;0;0;0;153;421
117;611;217;265;80;0;0;0;154;422
118;611;218;265;79;0;0;0;155;422
119;612;219;266;77;0;0;0;155;420
120;612;219;266;77;0;0;0;156;418
121;611;218;266;76;0;0;0;156;416
122;611;218;266;74;0;0;0;156;414
123;612;220;266;73;0;0;0;156;413
124;612;221;266;72;0;0;0;155;412
125;612;222;265;71;0;0;0;155;410
126;612;221;265;71;0;0;0;155;409
127;612;221;265;69;0;0;0;155;409
128;612;223;266;67;0;0;0;155;409
129;613;223;267;65;0;0;0;155;409
130;615;223;269;64;0;0;0;155;409
131;616;223;270;62;0;0;0;155;409
132;615;223;272;61;0;0;0;155;409
133;616;224;275;60;0;0;0;155;409
134;618;224;276;59;0;0;0;155;408
135;619;225;277;58;0;0;0;154;408
136;620;224;279;57;0;0;0;154;407
137;622;224;280;56;0;0;0;154;407
138;623;225;280;55;0;0;0;153;406
139;626;224;281;55;0;0;0;153;406
140;630;224;283;55;0;0;0;153;405
141;635;222;283;54;0;0;0;153;405
142;638;221;284;53;0;0;0;154;405
143;642;219;285;53;0;0;0;154;405
144;648;220;285;52;0;0;0;154;405
145;653;219;285;53;0;0;0;154;405
146;658;218;286;52;0;0;0;155;404
147;662;218;287;53;0;0;0;155;403
148;668;217;287;52;0;0;0;155;403
149;671;217;288;53;0;0;0;155;403
150;677;217;289;53;0;0;0;155;403
151;682;218;290;52;0;0;0;155;403
152;688;216;291;52;0;0;0;155;402
153;692;215;292;51;0;0;0;155;402
154;696;215;292;51;0;0;0;155;403
155;700;215;291;49;0;0;0;155;402
156;704;215;291;50;0;0;0;155;402
157;709;214;291;48;0;0;0;155;402
158;711;216;290;48;0;0;0;155;401
159;713;217;290;49;0;0;0;154;401
160;714;217;290;49;0;0;0;154;401
161;715;218;289;50;0;0;0;154;400
162;717;217;288;50;0;0;0;154;399
163;716;218;288;50;0;0;0;154;400
164;716;218;288;49;0;0;0;154;400
165;716;219;287;49;0;0;0;154;400
166;715;217;287;49;0;0;0;154;400
167;715;216;287;49;0;0;0;154;400
168;715;217;286;48;0;0;0;154;400
169;715;217;287;48;0;0;0;154;401
170;715;218;287;49;0;0;0;154;401
171;716;215;288;49;0;0;0;154;400
172;717;217;288;50;0;0;0;154;401
173;717;217;288;50;0;0;0;154;400
174;718;219;288;50;0;0;0;154;400
175;720;220;287;50;0;0;0;155;400
176;721;219;287;50;0;0;0;155;400
177;721;220;286;50;0;0;0;155;400
178;724;219;285;49;0;0;0;155;400
179;725;220;285;49;0;0;0;155;400
180;726;220;285;50;0;0;0;156;399
181;728;220;284;51;0;0;0;156;400
182;727;220;283;50;0;0;0;155;399
183;727;220;283;52;0;0;0;155;398
184;728;221;283;52;0;0;0;155;398
185;729;219;282;53;0;0;0;155;397
186;729;219;282;53;0;0;0;155;397
187;730;221;282;53;0;0;0;155;396
188;731;220;281;51;0;0;0;155;396
189;731;220;282;50;0;0;0;155;395
190;733;220;282;50;0;0;0;154;395
191;733;219;282;49;0;0;0;154;395
192;732;219;282;48;0;0;0;154;395
193;732;220;282;49;0;0;0;154;395
194;732;220;282;48;0;0;0;154;394
195;732;218;281;49;0;0;0;154;395
196;732;219;282;48;0;0;0;153;395
197;732;220;281;49;0;0;0;153;394
198;733;218;282;49;0;0;0;153;394
199;735;219;282;50;0;0;0;154;394
200;736;218;282;50;0;0;0;154;394
201;736;219;282;50;0;0;0;153;393
202;737;219;282;51;0;0;0;153;393
203;737;219;282;50;0;0;0;153;393
204;737;218;282;53;0;0;0;154;393
205;737;218;282;52;0;0;0;154;393
206;739;219;280;53;0;0;0;154;392
207;739;218;282;51;0;0;0;153;392
208;740;219;282;51;0;0;0;153;392
209;740;217;282;51;0;0;0;153;392
210;739;218;282;51;0;0;0;154;392
211;739;217;282;52;0;0;0;154;392
212;738;217;283;50;0;0;0;153;391
213;738;216;283;50;0;0;0;153;391
214;737;216;284;50;0;0;0;153;391
215;738;216;283;51;0;0;0;153;391
216;737;215;283;51;0;0;0;154;391
217;737;216;284;51;0;0;0;154;391
218;737;215;284;52;0;0;0;153;391
219;736;216;284;50;0;0;0;153;391
220;737;214;283;49;0;0;0;154;391
221;737;218;283;50;0;0;0;154;391
222;737;217;284;48;0;0;0;154;392
223;737;218;281;48;0;0;0;154;392
224;736;218;281;48;0;0;0;153;392
225;737;219;282;47;0;0;0;153;392
226;737;220;281;48;0;0;0;154;393
227;737;219;281;48;0;0;0;154;393
228;736;221;281;48;0;0;0;154;393
229;736;219;281;47;0;0;0;154;393
230;735;220;281;48;0;0;0;154;393
231;734;219;284;48;0;0;0;153;394
232;733;220;284;48;0;0;0;153;394
233;732;220;283;48;0;0;0;153;394
234;733;219;283;46;0;0;0;153;394
235;733;220;283;47;0;0;0;153;394
236;733;220;283;49;0;0;0;153;394
237;733;219;284;48;0;0;0;153;394
238;732;220;283;48;0;0;0;153;394
239;732;220;284;48;0;0;0;153;394
240;732;220;284;48;0;0;0;154;393
241;731;220;284;48;0;0;0;154;393
242;730;220;284;49;0;0;0;154;393
243;730;220;285;49;0;0;0;155;393
244;729;219;285;49;0;0;0;154;394
245;728;220;285;51;0;0;0;154;394
246;728;219;285;51;0;0;0;155;394
247;728;220;284;51;0;0;0;155;394
248;727;219;284;53;0;0;0;155;395
249;727;220;284;54;0;0;0;154;396
250;727;221;284;55;0;0;0;155;396
251;726;221;283;54;0;0;0;155;396
252;726;222;283;52;0;0;0;155;396
253;726;223;283;51;0;0;0;155;396
254;727;224;282;51;0;0;0;155;396
255;726;224;283;50;0;0;0;155;397
256;726;225;283;49;0;0;0;155;398
257;726;225;283;49;0;0;0;155;397
258;725;225;283;50;0;0;0;155;397
259;725;225;283;50;0;0;0;155;398
260;725;226;283;50;0;0;0;156;398
261;725;225;283;49;0;0;0;156;399
262;723;226;283;51;0;0;0;156;399
263;723;225;283;50;0;0;0;156;399
264;722;225;284;50;0;0;0;156;400
265;721;225;285;49;0;0;0;157;400
266;721;226;286;48;0;0;0;157;401
267;720;225;287;48;0;0;0;157;402
268;719;226;289;48;0;0;0;157;403
269;719;226;290;50;0;0;0;156;404
270;719;227;292;48;0;0;0;157;404
271;719;227;292;50;0;0;0;156;404
272;720;227;292;50;0;0;0;156;404
273;721;229;292;50;0;0;0;156;405
274;721;229;292;50;0;0;0;156;404
275;721;229;293;50;0;0;0;156;404
276;722;230;292;51;0;0;0;156;403
277;722;229;292;51;0;0;0;156;404
278;723;231;292;51;0;0;0;156;404
279;723;233;292;51;0;0;0;156;404
280;723;234;293;51;0;0;0;156;405
281;723;234;295;52;0;0;0;156;405
282;723;234;296;54;0;0;0;156;406
283;725;235;298;55;0;0;0;156;407
284;727;234;299;54;0;0;0;157;407
285;728;234;299;55;0;0;0;157;407
286;730;234;300;55;0;0;0;157;407
287;732;236;302;55;0;0;0;157;407
288;734;237;303;57;0;0;0;157;407
289;737;238;303;56;0;0;0;157;407
290;739;239;303;55;0;0;0;158;407
291;741;240;303;57;0;0;0;158;407
292;743;242;304;58;0;0;0;157;407
293;746;243;305;57;0;0;0;157;408
294;750;244;305;58;0;0;0;157;410
295;755;241;305;58;0;0;0;157;411
296;757;241;304;58;0;0;0;157;413
297;763;241;304;57;0;0;0;157;414
298;770;241;306;57;0;0;0;157;416
299;777;241;307;56;0;0;0;157;417
300;787;240;310;57;0;0;0;157;419
301;798;241;314;57;0;0;0;157;419
302;810;240;317;58;0;0;0;157;419
303;822;241;321;59;0;0;0;157;419
304;836;241;325;60;0;0;0;157;419
305;853;239;331;61;0;3;0;156;419
306;871;237;336;61;0;11;0;155;419
307;898;234;343;61;0;19;0;155;419
308;926;233;347;60;0;32;0;154;419
309;959;232;352;61;0;48;0;154;419
310;991;231;357;61;0;68;0;153;418
311;1029;230;363;61;0;93;0;152;418
312;1072;230;371;62;0;120;0;152;418
313;1117;229;377;64;0;148;0;151;417
314;1161;229;382;66;0;168;0;151;417
315;1199;230;387;68;0;200;0;149;417
316;1235;228;394;68;0;228;0;149;417
317;1266;228;400;68;0;257;0;147;418
318;1300;227;405;69;0;288;0;146;418
319;1325;227;409;67;0;309;0;145;418
320;1343;224;412;66;0;330;0;144;419
321;1359;221;414;65;0;351;0;143;419
322;1370;220;417;63;0;371;0;141;419
323;1376;214;419;62;0;380;0;140;419
324;1382;206;420;61;0;392;0;138;417
325;1386;196;420;59;0;394;0;134;417
326;1386;184;419;56;0;390;0;130;416
327;1386;174;418;56;0;385;0;125;413
328;1385;162;416;53;0;372;0;118;409
329;1373;147;414;53;0;352;0;112;405
330;1358;128;408;51;0;326;0;106;399
331;1333;113;399;49;0;295;0;100;390
332;1294;99;385;48;0;250;0;94;377
333;1235;82;365;46;0;202;0;88;360
334;1167;66;341;47;0;156;0;82;338
335;1086;50;312;45;0;113;0;76;310
336;985;34;274;44;0;79;0;69;279
337;874;24;231;40;0;48;0;62;246
338;752;16;190;37;0;24;0;54;208
339;622;10;146;32;0;6;0;48;172
340;497;6;107;26;0;0;0;41;139
341;391;5;75;21;0;0;0;34;108
342;295;7;47;15;0;0;0;27;81
343;212;6;24;10;0;0;0;20;60
344;153;8;12;5;0;0;0;16;43
345;109;9;6;2;0;0;0;12;28
346;83;9;0;0;0;0;0;8;20
347;75;7;0;0;0;0;0;4;13
348;75;6;0;0;0;0;0;1;8
349;75;6;0;0;0;0;0;0;3
350;77;6;1;0;0;0;0;0;1
351;77;6;1;0;0;0;0;0;1
352;78;6;1;0;0;0;0;0;1
353;79;7;1;0;0;0;0;0;1
354;79;7;1;0;0;0;0;0;0
355;78;7;1;0;0;0;0;0;0
356;77;9;3;0;0;0;0;0;0
357;76;9;4;0;0;0;0;0;0
358;74;7;4;0;0;0;0;0;0
359;73;6;4;2;0;0;0;0;0
360;70;5;6;2;0;0;0;0;0
361;65;3;6;2;0;0;0;0;0
362;61;3;6;2;0;0;0;0;0
363;56;4;7;2;0;0;0;0;0
364;51;3;6;2;0;0;0;0;0
365;47;1;4;2;0;0;0;0;0
366;43;2;2;2;0;0;0;0;0
367;39;4;2;1;0;0;0;0;0
368;34;5;1;1;0;0;0;0;0
369;31;5;4;1;0;0;0;0;0
370;28;5;4;1;0;0;0;0;0
371;25;6;2;1;0;0;0;0;0
372;21;8;2;1;0;0;0;0;1
373;17;9;2;1;0;0;0;0;1
374;13;9;2;2;0;0;0;0;1
375;9;10;2;1;0;0;0;0;1
376;6;8;2;1;0;0;0;0;1
377;3;11;0;1;0;0;0;0;1
378;1;11;0;1;0;0;0;0;1
379;0;10;0;1;0;0;0;0;1
380;0;10;0;1;0;0;0;0;0
381;0;10;0;1;0;0;0;0;0
382;0;9;0;0;0;0;0;0;0
383;0;9;0;0;0;0;0;0;0
384;0;9;0;0;0;0;0;0;0
385;0;7;0;0;0;0;0;0;0
386;0;9;0;0;0;0;0;0;0
387;0;8;0;0;0;0;0;0;0
388;0;7;0;0;0;0;0;0;0
389;0;5;0;0;0;0;0;0;1
390;0;8;1;0;0;0;0;0;1
391;13;7;1;1;0;0;0;0;1
392;47;7;7;3;0;0;0;0;7
393;113;6;16;3;0;0;0;0;16
394;221;5;27;3;0;0;0;0;27
395;355;5;39;3;0;7;0;0;39
396;500;7;52;3;0;18;0;0;53
397;663;7;72;3;0;45;0;0;65
398;833;6;95;3;0;83;0;0;81
399;999;5;121;1;0;131;0;0;97
400;1160;6;152;0;0;202;0;0;111
401;1300;9;192;0;0;302;0;0;133
402;1434;9;238;0;0;439;0;0;161
403;1557;7;286;0;0;576;0;0;197
404;1674;5;335;0;0;728;0;0;235
405;1786;6;377;3;0;884;0;0;275
406;1898;7;416;8;0;1031;0;0;316
407;2003;7;452;11;0;1168;0;0;358
408;2095;5;478;15;0;1283;0;0;401
409;2168;5;491;20;0;1361;0;0;435
410;2204;6;497;25;0;1398;0;0;461
411;2219;8;499;30;0;1432;0;0;483
412;2225;10;500;36;0;1433;0;0;503
413;2209;9;500;38;3;1408;0;0;522
414;2173;7;499;37;19;1375;0;0;542
415;2131;8;499;41;38;1328;0;0;563
416;2059;10;498;42;65;1269;0;0;586
417;1984;10;498;40;105;1199;0;0;611
418;1894;11;498;40;153;1099;0;0;638
419;1790;11;498;39;208;973;0;0;668
420;1679;8;498;38;273;846;0;0;704
421;1562;8;498;38;346;702;0;0;744
422;1445;9;498;38;418;555;0;0;788
423;1321;8;498;37;494;417;0;0;834
424;1211;6;498;36;572;290;0;0;880
425;1104;6;499;37;649;183;0;0;930
426;1006;5;499;37;726;108;0;0;980
427;918;6;500;38;805;55;0;0;1034
428;830;10;500;39;882;18;0;0;1083
429;752;14;501;38;953;5;0;0;1130
430;679;18;501;39;1025;0;0;1;1174
431;609;24;501;40;1081;0;0;7;1215
432;545;28;501;41;1142;0;0;14;1255
433;482;32;500;42;1201;0;0;24;1289
434;419;37;496;41;1256;0;0;37;1322
435;358;40;488;40;1315;0;0;52;1346
436;300;41;476;39;1370;0;0;68;1363
437;242;41;455;40;1429;0;0;86;1370
438;186;36;427;40;1477;0;0;106;1365
439;138;33;391;41;1535;0;0;123;1345
440;97;32;350;42;1580;0;0;140;1307
441;62;31;307;46;1604;0;0;157;1254
442;36;29;262;53;1619;0;0;172;1186
443;16;26;217;61;1600;0;0;188;1112
444;5;27;175;67;1560;0;0;205;1030
445;0;25;137;71;1500;0;12;224;943
446;0;26;104;73;1436;0;39;254;859
447;0;26;81;72;1345;0;88;286;782
448;0;24;63;70;1225;0;143;329;715
449;0;22;45;61;1098;0;208;389;657
450;0;20;32;49;962;0;273;465;605
451;0;18;21;39;831;0;332;559;556
452;0;14;13;27;696;0;383;671;514
453;0;13;9;20;555;0;403;807;474
454;0;13;7;12;411;0;384;943;435
455;0;11;3;7;292;0;335;1096;394
456;0;11;0;3;201;0;280;1250;350
457;0;11;0;3;129;0;215;1380;308
458;0;10;0;3;69;0;150;1451;267
459;0;9;0;1;27;0;92;1413;226
460;0;10;0;1;5;0;41;1312;184
461;0;8;0;2;0;0;9;1168;147
462;0;9;0;2;0;0;0;1005;115
463;0;9;0;4;0;0;0;812;87
464;3;7;0;4;0;0;0;591;65
465;3;7;0;4;0;0;0;374;45
466;3;7;0;4;0;0;0;199;29
467;3;7;0;4;0;0;0;113;18
468;3;7;0;4;0;0;0;69;10
469;3;7;0;1;0;0;0;39;6
470;3;5;0;1;0;0;0;14;3
471;3;5;0;0;0;0;0;0;1
472;0;6;0;0;0;0;0;0;1
473;0;6;0;0;0;0;0;0;1
474;0;6;0;0;0;0;0;0;1
475;0;7;0;0;0;0;0;0;0
476;0;5;0;0;0;0;0;0;0
477;0;7;0;0;0;0;0;0;0
478;0;7;1;0;0;0;0;0;0
479;0;7;1;0;0;0;0;0;0
480;0;6;1;0;0;0;0;0;0
481;0;6;3;0;0;0;0;0;0
482;0;6;3;0;0;0;0;0;0
483;0;6;3;0;0;0;0;0;0
484;0;7;3;0;0;0;0;0;0
485;0;7;3;0;0;0;0;0;0
486;0;7;1;1;0;0;0;0;0
487;0;7;1;1;0;0;0;0;0
488;0;9;1;1;0;0;0;0;0
489;0;9;0;1;0;0;0;0;0
490;0;9;0;1;0;0;0;0;0
491;0;10;0;1;0;0;0;0;0
492;0;10;0;1;0;0;0;0;0
493;0;10;0;1;0;0;0;0;1
494;0;10;0;0;0;0;0;0;1
495;0;10;2;0;0;0;0;0;1
496;0;10;2;0;0;0;0;0;3
497;0;9;4;1;0;0;0;0;7
498;0;8;4;1;0;0;0;0;13
499;0;8;4;2;0;0;0;0;20
500;0;6;4;4;0;0;0;0;27
501;0;5;4;4;0;0;0;0;34
502;0;7;4;4;0;0;0;0;41
503;26;7;8;4;0;0;0;0;54
504;107;7;22;4;0;0;0;0;72
505;272;6;40;2;0;31;0;0;86
506;479;6;56;2;0;103;0;0;95
507;724;6;76;1;0;222;0;0;105
508;992;6;103;0;0;365;0;0;120
509;1254;6;145;0;0;506;0;0;140
510;1516;6;199;0;0;642;0;0;172
511;1758;6;251;0;0;790;0;0;204
512;1955;7;297;0;0;945;0;0;238
513;2083;9;341;4;0;1082;0;0;277
514;2183;11;387;9;0;1185;0;0;323
515;2252;10;430;14;0;1250;0;0;369
516;2304;12;466;20;0;1299;0;0;412
517;2364;14;487;28;0;1352;0;0;449
518;2415;21;496;35;0;1404;0;2;475
519;2459;31;500;42;0;1447;0;6;495
520;2482;39;502;51;0;1463;0;10;507
521;2476;50;502;56;0;1454;0;13;517
522;2438;60;502;60;0;1431;0;18;524
523;2372;70;502;64;0;1375;0;25;529
524;2282;79;502;66;3;1287;0;31;535
525;2157;88;502;64;10;1154;0;39;542
526;2023;92;502;65;25;1017;0;48;548
527;1876;101;502;65;38;851;0;58;556
528;1724;113;502;64;55;691;0;69;564
529;1568;128;500;62;74;531;0;81;571
530;1415;143;498;60;99;380;0;94;577
531;1269;160;495;59;130;253;0;105;582
532;1132;180;490;58;162;149;0;118;586
533;1015;200;484;58;197;87;0;131;593
534;907;220;476;59;227;36;0;140;600
535;804;235;465;59;268;11;0;148;608
536;714;248;452;61;309;0;0;156;617
537;633;257;436;64;354;0;0;164;627
538;562;268;419;73;402;0;0;173;641
539;498;277;401;82;452;0;0;181;658
540;438;285;379;93;504;0;0;189;676
541;380;291;354;105;554;0;0;197;692
542;324;295;327;119;604;0;0;205;705
543;266;295;299;134;648;0;0;213;713
544;211;288;268;147;688;0;7;222;715
545;159;277;233;159;725;0;30;231;712
546;115;261;200;168;751;0;67;243;702
547;76;244;170;174;760;0;120;262;685
548;43;224;141;177;757;0;183;286;665
549;21;197;118;172;742;0;262;317;640
550;7;165;97;160;715;0;347;358;614
551;2;134;78;144;676;0;446;410;589
552;0;109;65;126;624;0;542;484;562
553;0;85;57;104;559;0;620;569;536
554;0;64;49;80;483;0;681;673;507
555;0;47;40;57;406;0;713;797;476
556;0;30;32;38;320;0;728;934;441
557;0;20;24;22;243;0;714;1080;403
558;0;16;17;13;176;0;663;1237;361
559;0;15;11;7;118;0;568;1379;316
560;0;14;6;1;70;0;464;1515;277
561;0;14;3;0;35;0;364;1635;237
562;0;12;1;0;12;0;265;1695;199
563;0;11;0;1;0;0;180;1646;161
564;0;10;1;1;0;0;103;1509;126
565;0;11;1;3;0;0;38;1336;99
566;0;10;1;3;0;0;4;1136;75
567;0;9;1;3;0;0;0;928;57
568;4;8;1;5;0;0;0;688;39
569;6;8;1;5;0;0;0;449;23
570;7;10;2;5;0;0;0;247;12
571;7;10;2;3;0;0;0;127;6
572;7;10;1;5;0;0;0;76;3
573;7;9;1;3;0;0;0;43;0
574;7;10;1;3;0;0;0;17;0
575;7;11;1;3;0;0;0;0;0
576;3;11;1;2;0;0;0;0;0
577;1;10;1;2;0;0;0;0;0
578;0;10;0;2;0;0;0;0;0
579;0;9;0;2;0;0;0;0;1
580;0;9;0;0;0;0;0;0;1
581;0;8;0;0;0;0;0;0;1
582;0;8;0;0;0;0;0;0;1
583;0;8;0;1;0;0;0;0;1
584;0;7;0;1;0;0;0;0;1
585;0;7;0;1;0;0;0;0;1
586;0;5;0;1;0;0;0;0;1
587;0;5;2;1;0;0;0;0;0
588;0;5;2;1;0;0;0;0;0
589;0;5;2;3;0;0;0;0;0
590;0;4;2;3;0;0;0;0;0
591;0;2;2;1;0;0;0;0;0
592;0;2;2;1;0;0;0;0;0
593;0;4;2;1;0;0;0;0;0
594;0;6;2;1;0;0;0;0;0
595;0;6;0;1;0;0;0;0;0
596;0;7;0;1;0;0;0;0;0
597;0;9;0;0;0;0;0;0;0
598;0;12;0;0;0;0;0;0;0
599;0;13;0;0;0;0;0;0;0
600;0;14;0;1;0;0;0;0;1
601;0;13;1;1;0;0;0;0;4
602;0;12;1;1;0;0;0;0;10
603;0;11;1;2;0;0;0;0;16
604;0;11;3;2;0;0;0;0;23
605;0;10;5;2;0;0;0;0;29
606;0;7;5;4;0;0;0;0;35
607;0;6;9;4;0;0;0;0;42
608;66;6;19;3;0;0;0;0;57
609;194;6;28;3;0;0;0;0;69
610;364;5;38;3;0;37;0;0;75
611;580;3;51;1;0;117;0;0;83
612;846;4;73;1;0;255;0;0;92
613;1129;3;107;1;0;408;0;0;108
614;1417;5;157;0;0;569;0;0;132
615;1708;6;212;0;0;732;0;0;169
616;1938;7;264;0;0;910;0;0;204
617;2107;9;315;0;0;1086;0;0;243
618;2246;11;367;5;0;1233;0;0;289
619;2347;12;418;12;0;1345;0;0;335
620;2404;19;457;20;0;1406;0;2;381
621;2455;37;483;30;0;1458;0;10;422
622;2501;59;496;44;0;1502;0;22;452
623;2549;84;499;60;0;1548;0;36;470
624;2587;110;501;76;0;1574;0;51;480
625;2615;134;502;94;0;1591;0;66;482
626;2617;162;501;105;0;1607;0;82;482
627;2602;189;500;117;0;1596;0;97;478
628;2565;205;497;127;0;1565;0;111;471
629;2496;215;494;134;0;1512;0;120;462
630;2410;219;491;138;0;1432;0;125;454
631;2293;219;485;141;0;1327;0;128;445
632;2154;220;478;142;0;1192;0;131;438
633;2005;222;468;142;0;1045;0;136;433
634;1855;225;455;143;0;869;0;139;428
635;1705;233;440;143;0;698;0;144;425
636;1554;247;424;145;0;531;0;150;424
637;1410;258;405;149;0;378;0;158;423
638;1267;271;386;153;0;253;0;166;424
639;1140;284;366;158;0;150;0;174;426
640;1031;302;346;165;0;81;2;182;430
641;929;318;327;174;0;34;18;191;435
642;836;331;309;182;0;9;45;199;441
643;742;342;294;191;3;0;82;208;448
644;659;352;278;202;14;0;127;216;457
645;581;360;263;213;28;0;186;222;466
646;511;367;247;224;51;0;276;229;475
647;439;369;231;233;81;0;378;242;484
648;367;367;212;240;119;0;497;256;492
649;299;361;191;245;157;0;609;273;499
650;232;347;169;250;194;0;724;295;503
651;173;328;147;251;227;0;839;326;505
652;122;306;125;247;249;0;954;361;505
653;79;280;106;236;263;0;1073;405;503
654;44;251;88;224;263;0;1162;461;499
655;21;216;69;204;254;0;1242;522;490
656;6;178;56;179;224;0;1312;602;475
657;0;138;45;153;186;0;1376;701;456
658;0;108;35;125;149;0;1413;822;431
659;0;80;26;97;113;0;1425;938;401
660;0;54;20;71;79;0;1412;1070;367
661;0;34;13;49;51;0;1354;1204;327
662;0;19;7;29;28;0;1264;1339;286
663;0;13;4;17;8;0;1139;1475;250
664;0;11;1;9;0;0;959;1604;217
665;0;11;0;4;0;0;767;1730;185
666;0;11;0;1;0;0;588;1828;156
667;0;13;0;0;0;0;423;1890;129
668;0;15;0;0;0;0;276;1846;105
669;0;15;0;0;0;0;157;1701;87
670;0;17;0;1;0;0;68;1514;72
671;0;15;0;1;0;0;11;1308;54
672;3;13;0;1;0;0;0;1078;37
673;10;13;1;3;0;0;0;809;24
674;16;14;1;3;0;0;0;539;14
675;21;12;1;3;0;0;0;301;9
676;24;12;1;3;0;0;0;149;5
677;27;10;1;3;0;0;0;85;5
678;29;8;1;1;0;0;0;48;3
679;33;7;1;1;0;0;0;20;1
680;33;7;1;3;0;0;0;0;1
681;29;9;0;1;0;0;0;0;1
682;25;8;0;1;0;0;0;0;1
683;20;9;0;1;0;0;0;0;1
684;17;9;0;1;0;0;0;0;1
685;14;7;0;1;0;0;0;0;0
686;11;7;0;1;0;0;0;0;0
687;8;5;0;3;0;0;0;0;0
688;4;7;0;1;0;0;0;0;0
689;1;5;0;1;0;0;0;0;0
690;0;4;1;1;0;0;0;0;0
691;0;4;1;1;0;0;0;0;0
692;0;3;1;1;0;0;0;0;0
693;0;4;1;1;0;0;0;0;0
694;0;5;1;1;0;0;0;0;0
695;0;6;1;0;0;0;0;0;0
696;0;6;1;0;0;0;0;0;0
697;0;7;1;2;0;0;0;0;0
698;0;7;0;2;0;0;0;0;0
699;0;8;0;2;0;0;0;0;1
700;0;12;0;2;0;0;0;0;3
701;0;13;0;2;0;0;0;0;6
702;0;13;0;4;0;0;0;0;8
703;0;13;0;4;0;0;0;0;11
704;0;13;0;4;0;0;0;0;16
705;0;13;0;1;0;0;0;0;23
706;0;14;0;1;0;0;0;0;30
707;0;13;0;1;0;0;0;0;36
708;0;10;0;1;0;0;0;0;42
709;0;8;0;1;0;0;0;0;46
710;4;7;3;0;0;0;0;0;52
711;55;5;13;0;0;0;0;0;65
712;173;3;25;0;0;0;0;0;75
713;335;4;35;2;0;25;0;0;81
714;534;2;46;2;0;82;0;0;86
715;772;4;63;2;0;193;0;0;94
716;1019;3;89;2;0;321;0;0;104
717;1266;6;132;2;0;447;0;0;124
718;1513;8;184;2;0;578;0;0;156
719;1732;9;235;2;0;728;0;0;191
720;1890;10;285;2;0;892;0;0;232
721;2019;11;338;3;0;1040;0;0;281
722;2119;12;390;7;0;1172;0;0;335
723;2184;13;436;12;3;1249;0;0;388
724;2248;15;472;17;7;1331;0;0;439
725;2309;21;491;24;14;1409;0;0;483
726;2359;29;498;33;23;1468;0;0;514
727;2378;45;500;43;35;1506;0;0;536
728;2384;62;500;53;51;1515;0;4;553
729;2360;78;499;60;68;1500;0;9;566
730;2303;93;499;64;87;1440;0;14;575
731;2213;105;499;67;105;1355;0;21;584
732;2095;114;499;68;126;1207;0;27;591
733;1951;118;500;68;152;1035;0;35;598
734;1787;118;500;65;179;851;0;44;606
735;1621;115;500;61;204;664;0;56;612
736;1442;115;499;57;227;490;0;65;617
737;1268;122;497;53;251;332;0;75;621
738;1107;130;491;50;281;202;0;86;625
739;963;143;484;49;307;100;0;97;627
740;833;161;473;50;331;38;0;108;629
741;726;178;459;50;350;6;0;119;631
742;641;197;444;51;374;0;0;131;634
743;565;214;427;51;397;0;0;141;637
744;505;229;410;51;422;0;0;149;641
745;450;241;393;52;448;0;0;158;647
746;404;252;376;56;477;0;0;166;656
747;364;263;355;63;517;0;0;175;667
748;325;272;338;72;556;0;0;184;679
749;286;283;318;83;603;0;0;193;691
750;246;292;298;96;639;0;0;201;699
751;208;301;279;113;680;0;1;210;706
752;170;301;255;130;725;0;14;220;708
753;132;293;226;146;762;0;38;231;706
754;97;284;198;160;784;0;81;244;696
755;69;272;175;171;797;0;144;264;682
756;45;256;150;175;799;0;217;289;664
757;27;234;129;176;784;0;306;322;642
758;15;206;110;165;764;0;412;361;619
759;5;171;90;148;726;0;526;416;594
760;0;138;73;130;672;0;628;486;566
761;0;113;59;107;604;0;717;575;538
762;0;88;47;83;526;0;774;686;507
763;0;64;36;59;437;0;801;807;473
764;0;42;26;39;346;0;797;946;435
765;0;27;17;21;262;0;768;1087;393
766;0;17;9;11;185;0;688;1252;346
767;0;13;3;5;122;0;572;1413;300
768;0;14;0;0;68;0;457;1564;259
769;0;12;0;0;32;0;344;1700;219
770;0;9;0;0;10;0;244;1770;179
771;0;8;0;0;0;0;154;1731;142
772;0;7;0;2;0;0;85;1592;110
773;0;7;1;2;0;0;26;1424;85
774;0;7;1;2;0;0;0;1216;67
775;3;7;1;2;0;0;0;982;49
776;8;6;3;4;0;0;0;728;33
777;10;6;3;4;0;0;0;469;19
778;11;7;5;4;0;0;0;251;11
779;11;8;5;4;0;0;0;122;6
780;11;8;5;1;0;0;0;70;4
781;13;7;4;1;0;0;0;37;1
782;15;6;5;3;0;0;0;12;0
783;12;6;5;3;0;0;0;0;0
784;7;6;5;1;0;0;0;0;0
785;6;7;7;1;0;0;0;0;0
786;4;7;6;1;0;0;0;0;0
787;4;7;8;1;0;0;0;0;0
788;4;7;10;1;0;0;0;0;0
789;2;5;11;1;0;0;0;0;0
790;1;7;11;0;0;0;0;0;0
791;0;7;13;0;0;0;0;0;0
792;0;7;13;0;0;0;0;0;0
793;0;8;14;0;0;0;0;0;0
794;0;6;14;0;0;0;0;0;0
795;0;6;13;0;0;0;0;0;0
796;0;7;13;0;0;0;0;0;0
797;0;7;13;0;0;0;0;0;0
798;0;9;15;1;0;0;0;0;0
799;0;10;13;1;0;0;0;0;0
800;0;11;14;1;0;0;0;0;0
801;0;10;14;1;0;0;0;0;0
802;0;11;14;1;0;0;0;0;0
803;0;11;15;2;0;0;0;0;0
804;0;11;15;4;0;0;0;0;0
805;0;11;15;4;0;0;0;0;1
806;0;11;14;4;0;0;0;0;3
807;0;11;16;4;0;0;0;0;8
808;0;10;14;4;0;0;0;0;14
809;0;12;14;4;0;0;0;0;24
810;0;12;13;4;0;0;0;0;34
811;0;13;10;3;0;0;0;0;41
812;0;13;11;1;0;0;0;0;48
813;0;14;9;1;0;0;0;0;55
814;20;13;14;0;0;0;0;0;68
815;96;11;28;0;0;0;0;0;80
816;225;10;40;0;0;1;0;0;88
817;391;8;49;0;0;26;0;0;89
818;595;8;65;0;0;94;0;0;91
819;844;8;89;0;0;216;0;0;99
820;1110;9;126;0;0;356;0;0;111
821;1380;8;180;0;0;515;0;0;137
822;1651;6;234;0;0;691;0;0;166
823;1870;6;279;4;0;869;0;0;200
824;2036;8;329;9;0;1046;0;0;242
825;2175;8;380;21;0;1204;0;0;289
826;2283;17;427;34;0;1341;0;0;335
827;2355;34;466;50;0;1421;0;5;378
828;2418;59;490;68;0;1481;0;17;417
829;2477;86;498;90;0;1523;0;31;440
830;2512;117;500;111;0;1548;0;47;451
831;2541;150;499;127;0;1574;0;64;453
832;2561;182;496;144;0;1593;0;81;448
833;2557;213;492;155;0;1596;0;99;439
834;2530;233;486;162;0;1569;0;117;426
835;2478;240;477;168;0;1534;0;131;408
836;2395;240;465;171;0;1489;0;137;388
837;2294;238;450;171;0;1419;0;142;362
838;2178;234;431;169;0;1323;2;145;334
839;2050;227;405;168;0;1198;11;148;304
840;1914;220;375;167;0;1061;29;150;275
841;1780;218;345;164;0;916;59;153;247
842;1654;221;313;165;0;766;98;158;221
843;1531;231;284;165;0;611;145;163;200
844;1418;242;256;167;0;455;206;170;183
845;1309;256;230;169;0;326;281;176;175
846;1205;271;206;176;0;220;365;184;173
847;1107;289;191;182;0;140;458;192;178
848;1019;310;181;191;0;80;565;199;191
849;933;327;174;202;0;40;678;207;209
850;845;340;168;215;0;11;808;213;230
851;759;353;162;231;0;0;943;219;253
852;677;362;158;247;0;0;1084;226;277
853;600;369;152;264;0;0;1235;235;299
854;529;372;145;279;0;0;1383;246;321
855;450;370;138;294;0;0;1517;261;340
856;371;363;130;306;0;0;1658;282;355
857;295;349;115;315;0;0;1800;309;365
858;229;332;103;320;0;0;1921;346;374
859;170;312;89;315;0;0;2038;393;378
860;121;287;76;301;0;0;2148;452;380
861;79;258;62;281;0;0;2248;530;376
862;45;222;49;253;0;0;2339;616;365
863;24;184;37;222;0;0;2430;712;342
864;13;144;25;187;0;0;2485;820;313
865;7;112;18;146;0;0;2506;942;280
866;4;84;11;107;0;0;2500;1061;245
867;2;58;6;75;0;0;2452;1182;207
868;0;39;1;49;0;0;2354;1300;167
869;0;23;0;28;0;0;2173;1408;129
870;0;16;2;17;0;0;1919;1509;96
871;0;13;2;6;0;0;1607;1594;71
872;0;15;4;3;0;0;1287;1651;54
873;0;16;4;3;0;0;981;1620;41
874;0;14;7;3;0;0;697;1511;27
875;0;13;7;4;0;0;445;1351;18
876;0;11;7;6;0;0;232;1169;12
877;4;9;7;7;0;0;87;965;9
878;12;9;4;7;0;0;16;740;5
879;16;9;4;8;0;0;0;516;5
880;21;9;2;7;0;0;0;303;2
881;24;8;2;7;0;0;0;156;0
882;27;8;0;7;0;0;0;80;0
883;31;8;0;5;0;0;0;42;0
884;34;8;0;4;0;0;0;15;0
885;32;8;0;3;0;0;0;0;0
886;28;8;0;1;0;0;0;0;0
887;25;8;0;0;0;0;0;0;0
888;21;8;1;0;0;0;0;0;0
889;18;8;1;0;0;0;0;0;0
890;15;8;1;0;0;0;0;0;0
891;12;8;1;0;0;0;0;0;0
892;9;8;1;0;0;0;0;0;0
893;6;10;1;0;0;0;0;0;0
894;3;10;1;1;0;0;0;0;0
895;1;8;1;1;0;0;0;0;0
896;0;8;0;4;0;0;0;0;0
897;0;8;0;4;0;0;0;0;0
898;0;7;0;4;0;0;0;0;0
899;0;8;0;4;0;0;0;0;0
900;0;7;0;4;0;0;0;0;0
901;0;6;0;4;0;0;0;0;0
902;0;6;0;4;0;0;0;0;0
903;0;8;0;4;0;0;0;0;0
904;0;8;0;2;0;0;0;0;0
905;0;8;0;2;0;0;0;0;0
906;0;10;0;2;0;0;0;0;0
907;0;9;0;2;0;0;0;0;0
908;0;11;0;2;0;0;0;0;0
909;0;11;0;2;0;0;0;0;0
910;0;9;0;0;0;0;0;0;2
911;0;8;0;1;0;0;0;0;8
912;0;8;0;1;0;0;0;0;15
913;0;8;0;1;0;0;0;0;21
914;0;7;0;2;0;0;0;0;26
915;0;9;1;2;0;0;0;0;30
916;0;9;1;2;0;0;0;0;33
917;66;7;10;2;0;0;0;0;45
918;193;7;19;2;0;3;0;0;51
919;361;7;26;2;0;37;0;0;51
920;579;7;38;2;0;120;0;0;53
921;842;7;60;2;0;253;0;0;61
922;1115;9;88;1;0;403;0;0;75
923;1390;6;137;3;0;565;0;0;101
924;1676;8;197;3;0;731;0;0;142
925;1906;10;250;3;0;916;0;0;181
926;2081;10;303;7;0;1103;0;0;230
927;2229;12;359;11;0;1263;0;0;284
928;2330;12;410;16;0;1386;0;0;339
929;2395;15;451;23;0;1449;0;0;390
930;2447;24;485;30;0;1496;0;0;436
931;2495;38;497;37;0;1540;0;0;472
932;2536;53;500;48;0;1581;0;0;492
933;2552;71;501;62;0;1597;0;1;503
934;2547;93;502;73;0;1585;0;6;508
935;2512;115;501;82;0;1561;0;13;507
936;2459;138;501;92;0;1505;0;20;501
937;2377;156;500;98;0;1435;0;26;493
938;2273;171;498;104;0;1341;0;34;484
939;2141;182;494;110;0;1208;0;45;475
940;1992;192;488;114;0;1045;0;59;465
941;1838;199;479;113;0;870;0;73;455
942;1682;208;467;113;0;700;0;83;448
943;1528;219;453;114;0;530;0;95;442
944;1378;232;438;115;0;381;0;109;438
945;1232;247;422;118;0;254;0;123;434
946;1105;265;405;121;0;151;0;138;434
947;998;285;388;124;0;78;0;151;436
948;900;302;371;128;0;35;0;163;441
949;811;322;354;133;3;8;0;174;448
950;733;337;340;139;12;0;0;184;455
951;665;351;326;145;27;0;7;193;465
952;599;362;313;152;49;0;25;201;476
953;542;371;300;158;76;0;59;209;487
954;484;377;288;165;115;0;97;215;498
955;426;378;273;173;158;0;138;221;508
956;366;378;259;182;208;0;203;227;517
957;310;374;243;190;258;0;285;234;524
958;255;368;222;196;307;0;380;242;531
959;200;358;201;202;352;0;475;251;536
960;151;339;177;208;394;0;570;265;539
961;107;320;154;210;428;0;664;281;541
962;72;300;132;209;447;0;763;304;541
963;45;276;112;206;459;0;872;334;538
964;26;247;95;195;459;0;965;371;533
965;12;213;80;179;449;0;1036;412;524
966;4;176;69;158;427;0;1100;461;511
967;0;142;59;135;386;0;1147;521;493
968;0;113;51;107;332;0;1183;595;470
969;0;87;43;84;271;0;1196;680;441
970;0;62;35;61;213;0;1178;777;405
971;0;40;28;39;158;0;1122;876;364
972;0;25;20;24;107;0;1029;978;319
973;0;18;13;13;64;0;906;1086;278
974;0;15;8;8;29;0;748;1196;235
975;0;14;5;4;10;0;598;1301;197
976;0;15;3;4;0;0;449;1386;159
977;0;14;1;3;0;0;308;1410;123
978;0;13;1;4;0;0;188;1343;95
979;0;14;3;7;0;0;95;1224;73
980;0;14;4;5;0;0;29;1085;55
981;0;14;4;5;0;0;0;927;38
982;4;12;4;5;0;0;0;743;26
983;9;11;4;5;0;0;0;542;14
984;12;12;4;5;0;0;0;341;7
985;14;12;4;3;0;0;0;186;3
986;14;10;3;2;0;0;0;105;2
987;14;10;1;0;0;0;0;63;0
988;14;10;1;0;0;0;0;33;0
989;14;10;1;0;0;0;0;10;0
990;10;11;1;0;0;0;0;0;0
991;4;11;3;0;0;0;0;0;0
992;2;9;3;0;0;0;0;0;0
993;0;8;5;0;0;0;0;0;0
994;0;8;6;0;0;0;0;0;0
995;0;9;8;0;0;0;0;0;0
996;0;7;8;1;0;0;0;0;0
997;0;8;8;3;0;0;0;0;0
998;0;9;8;3;0;0;0;0;0
999;0;7;8;3;0;0;0;0;0
1000;0;8;10;3;0;0;0;0;0
1001;0;7;9;3;0;0;0;0;0
1002;0;10;9;4;0;0;0;0;0
1003;0;10;8;4;0;0;0;0;0
1004;0;12;9;2;0;0;0;0;0
1005;0;12;10;1;0;0;0;0;0
1006;0;10;12;1;0;0;0;0;0
1007;0;10;11;1;0;0;0;0;0
1008;0;10;11;3;0;0;0;0;0
1009;0;12;10;3;0;0;0;0;0
1010;0;11;8;1;0;0;0;0;0
1011;0;11;8;1;0;0;0;0;0
1012;0;9;6;1;0;0;0;0;0
1013;0;8;6;1;0;0;0;0;0
1014;0;10;4;1;0;0;0;0;0
1015;0;11;5;1;0;0;0;0;4
1016;0;12;5;0;0;0;0;0;10
1017;0;12;9;0;0;0;0;0;17
1018;0;12;9;0;0;0;0;0;23
1019;0;12;10;0;0;0;0;0;29
1020;0;13;10;0;0;0;0;0;33
1021;0;14;9;0;0;0;0;0;36
1022;50;14;18;1;0;0;0;0;50
1023;154;12;31;1;0;0;0;0;59
1024;294;12;41;1;0;9;0;0;60
1025;475;9;52;1;0;54;0;0;61
1026;697;10;72;3;0;143;0;0;66
1027;945;10;100;5;0;254;0;0;76
1028;1200;10;148;6;0;377;0;0;93
1029;1463;9;207;6;0;512;0;0;128
1030;1684;9;259;4;0;668;0;0;160
1031;1857;9;306;10;0;822;0;0;200
1032;2004;11;356;15;0;984;0;0;249
1033;2112;13;405;22;0;1114;0;0;300
1034;2181;19;448;29;0;1208;0;0;347
1035;2232;31;482;41;0;1280;0;3;392
1036;2281;47;496;55;0;1342;0;11;431
1037;2325;71;500;73;0;1391;0;23;452
1038;2362;97;502;92;0;1423;0;37;463
1039;2387;125;502;107;0;1456;0;52;467
1040;2396;151;501;124;0;1464;0;68;465
1041;2388;176;499;138;0;1459;0;85;460
1042;2364;195;496;150;0;1428;0;103;451
1043;2316;212;491;157;0;1384;0;118;441
1044;2239;224;485;163;0;1322;0;129;430
1045;2128;228;475;165;0;1246;0;136;418
1046;2001;237;463;168;0;1132;0;143;407
1047;1874;247;448;168;0;990;0;149;396
1048;1732;258;431;167;0;838;0;157;386
1049;1593;273;412;167;0;677;0;164;378
1050;1450;288;389;166;0;526;5;172;372
1051;1310;303;366;166;0;387;15;179;367
1052;1184;321;343;166;0;264;35;187;364
1053;1081;338;321;168;0;155;67;195;365
1054;983;349;302;170;0;82;106;203;368
1055;881;360;283;175;0;37;153;209;373
1056;790;368;268;181;0;9;209;215;380
1057;708;375;255;187;0;0;276;220;389
1058;636;381;245;196;0;0;355;225;399
1059;572;384;236;203;0;0;445;230;410
1060;509;385;224;213;5;0;539;235;422
1061;447;386;212;221;16;0;634;241;434
1062;387;385;200;227;31;0;733;249;445
1063;329;380;187;233;48;0;837;261;457
1064;277;373;170;237;71;0;946;275;468
1065;223;365;154;240;99;0;1050;292;477
1066;171;348;137;242;132;0;1150;315;485
1067;124;329;120;241;165;0;1231;343;490
1068;86;308;107;237;188;0;1306;374;493
1069;55;283;95;227;201;0;1372;416;493
1070;32;257;83;213;206;0;1428;462;487
1071;17;223;71;194;201;0;1469;513;479
1072;5;186;61;170;187;0;1499;574;465
1073;0;148;49;145;159;0;1522;650;446
1074;0;117;39;115;125;0;1512;731;421
1075;0;88;29;88;92;0;1482;822;388
1076;0;62;20;61;65;0;1434;916;350
1077;0;39;13;41;40;0;1339;1009;309
1078;0;21;7;24;20;0;1220;1102;271
1079;0;12;2;12;7;0;1065;1201;234
1080;0;10;0;5;0;0;874;1304;197
1081;0;10;0;0;0;0;680;1395;164
1082;0;10;0;0;0;0;505;1471;136
1083;0;13;0;0;0;0;353;1504;111
1084;0;11;0;0;0;0;212;1466;90
1085;0;15;1;0;0;0;115;1354;74
1086;0;14;1;2;0;0;40;1213;57
1087;0;15;3;2;0;0;2;1050;40
1088;0;15;4;2;0;0;0;862;29
1089;3;14;6;2;0;0;0;648;17
1090;7;13;6;4;0;0;0;437;8
1091;10;11;6;5;0;0;0;256;4
1092;10;14;6;5;0;0;0;136;2
1093;10;11;6;5;0;0;0;80;0
1094;10;10;6;4;0;0;0;44;0
1095;10;8;4;4;0;0;0;17;0
1096;10;9;3;4;0;0;0;0;0
1097;6;7;1;4;0;0;0;0;0
1098;2;10;1;3;0;0;0;0;0
1099;0;10;3;1;0;0;0;0;0
1100;0;10;3;2;0;0;0;0;0
1101;0;10;2;2;0;0;0;0;0
1102;0;10;2;1;0;0;0;0;0
1103;0;10;4;1;0;0;0;0;0
1104;0;8;5;1;0;0;0;0;0
1105;0;8;5;1;0;0;0;0;1
1106;0;6;5;1;0;0;0;0;1
1107;0;5;5;1;0;0;0;0;1
1108;0;3;5;0;0;0;0;0;1
1109;0;4;4;0;0;0;0;0;1
1110;0;4;4;2;0;0;0;0;1
1111;0;4;3;2;0;0;0;0;1
1112;0;6;1;2;0;0;0;0;1
1113;0;7;1;2;0;0;0;0;0
1114;0;9;1;2;0;0;0;0;0
1115;0;7;0;2;0;0;0;0;0
1116;0;9;0;2;0;0;0;0;0
1117;0;7;0;2;0;0;0;0;0
1118;0;7;0;0;0;0;0;0;0
1119;0;6;0;0;0;0;0;0;0
1120;0;6;0;0;0;0;0;0;0
1121;0;5;0;0;0;0;0;0;0
1122;0;6;0;1;0;0;0;0;0
1123;0;8;1;3;0;0;0;0;0
1124;0;8;3;3;0;0;0;0;4
1125;0;10;6;3;0;0;0;0;6
1126;0;13;6;3;0;0;0;0;6
1127;0;16;7;3;0;0;0;0;6
1128;4;16;10;4;0;0;0;0;11
1129;57;15;18;4;0;0;0;0;23
1130;164;12;32;3;0;0;0;0;33
1131;306;11;42;1;0;11;0;0;40
1132;480;9;55;1;0;51;0;0;45
1133;682;9;76;1;0;125;0;0;58
1134;912;7;115;3;0;227;0;0;76
1135;1150;7;167;3;0;338;0;0;110
1136;1393;8;224;2;0;475;0;0;149
1137;1592;9;277;2;0;614;0;0;189
1138;1739;11;326;5;0;761;0;0;237
1139;1865;13;377;9;0;908;0;0;292
1140;1960;15;425;14;1;1031;0;0;349
1141;2029;16;463;19;10;1121;0;0;403
1142;2070;17;488;24;23;1190;0;0;455
1143;2099;19;496;30;41;1253;0;3;494
1144;2115;22;499;36;63;1272;0;7;524
1145;2110;32;500;42;92;1286;0;13;546
1146;2096;41;500;44;126;1281;0;18;565
1147;2053;50;499;46;165;1249;0;25;582
1148;1984;58;499;46;206;1193;0;32;596
1149;1900;67;499;47;242;1099;0;39;610
1150;1801;75;499;45;280;979;0;48;625
1151;1684;83;500;43;320;834;0;55;642
1152;1554;90;500;42;357;687;0;61;658
1153;1426;92;501;40;389;534;0;67;675
1154;1286;96;501;40;417;392;0;74;691
1155;1152;99;501;39;448;265;0;81;707
1156;1035;106;500;38;484;158;0;88;725
1157;919;112;498;36;520;88;0;95;743
1158;811;119;496;37;554;38;0;101;759
1159;723;129;493;38;588;9;0;108;773
1160;646;144;489;38;627;0;0;112;791
1161;577;158;483;38;673;0;0;118;810
1162;524;172;476;39;727;0;0;123;828
1163;477;188;469;39;783;0;0;129;846
1164;433;203;460;42;837;0;0;136;861
1165;398;218;451;44;890;0;0;144;877
1166;363;232;440;47;943;0;0;151;892
1167;326;245;426;49;986;0;0;159;904
1168;289;253;411;51;1028;0;0;168;912
1169;252;258;394;58;1067;0;0;177;917
1170;212;264;376;63;1088;0;0;185;918
1171;171;266;348;70;1108;0;0;193;915
1172;134;264;322;76;1124;0;0;201;906
1173;99;259;293;82;1135;0;0;207;893
1174;68;250;259;91;1140;0;0;215;875
1175;43;239;228;101;1143;0;0;222;852
1176;25;227;196;110;1142;0;7;231;823
1177;12;212;169;113;1123;0;24;241;787
1178;5;195;143;113;1095;0;58;253;748
1179;1;173;123;108;1045;0;102;272;708
1180;0;151;105;103;978;0;158;294;669
1181;0;128;89;96;906;0;223;318;630
1182;0;106;78;83;820;0;288;346;590
1183;0;84;66;67;733;0;354;378;553
1184;0;63;57;51;631;0;408;411;519
1185;0;46;43;38;524;0;449;445;486
1186;0;32;32;28;422;0;465;477;452
1187;0;21;25;20;326;0;452;506;417
1188;0;13;19;13;246;0;409;533;379
1189;0;11;12;8;172;0;344;567;338
1190;0;10;8;4;115;0;279;605;299
1191;0;9;5;4;65;0;213;644;259
1192;0;8;2;4;28;0;152;678;222
1193;0;9;2;3;9;0;94;695;186
1194;0;9;2;3;0;0;45;690;154
1195;0;9;1;3;0;0;14;656;123
1196;0;9;0;3;0;0;0;611;97
1197;0;7;0;1;0;0;0;550;78
1198;0;8;1;1;0;0;0;471;57
1199;0;6;4;0;0;0;0;372;41
1200;0;8;4;1;0;0;0;272;27
1201;0;7;5;1;0;0;0;185;16
1202;0;7;5;1;0;0;0;119;9
1203;0;8;5;1;0;0;0;77;5
1204;0;8;5;1;0;0;0;47;2
1205;0;10;5;1;0;0;0;21;0
1206;0;7;6;1;0;0;0;3;0
1207;0;8;3;1;0;0;0;0;0
1208;0;8;3;0;0;0;0;0;0
1209;0;6;3;1;0;0;0;0;0
1210;0;6;3;3;0;0;0;0;0
1211;0;6;6;3;0;0;0;0;0
1212;0;8;6;3;0;0;0;0;0
1213;0;6;10;3;0;0;0;0;0
1214;0;6;7;3;0;0;0;0;0
1215;0;7;9;3;0;0;0;0;0
1216;0;7;11;3;0;0;0;0;0
1217;0;8;11;1;0;0;0;0;0
1218;0;8;11;0;0;0;0;0;0
1219;0;7;11;0;0;0;0;0;1
1220;0;7;13;0;0;0;0;0;1
1221;0;8;12;1;0;0;0;0;1
1222;0;9;14;3;0;0;0;0;1
1223;0;9;12;3;0;0;0;0;1
1224;0;8;12;3;0;0;0;0;1
1225;0;6;12;3;0;0;0;0;1
1226;0;6;14;3;0;0;0;0;1
1227;0;8;13;4;0;0;0;0;0
1228;0;6;12;4;0;0;0;0;0
1229;0;5;9;3;0;0;0;0;0
1230;0;4;7;1;0;0;0;0;0
1231;0;4;7;1;0;0;0;0;0
1232;0;5;6;1;0;0;0;0;0
1233;0;7;4;1;0;0;0;0;0
1234;0;6;3;1;0;0;0;0;0
1235;0;6;4;0;0;0;0;0;0
1236;0;6;4;0;0;0;0;0;0
1237;0;6;4;0;0;0;0;0;0
1238;0;8;6;1;0;0;0;0;0
1239;0;6;6;1;0;0;0;0;0
1240;3;6;10;1;0;0;0;0;6
1241;41;6;18;1;0;0;0;0;20
1242;111;5;33;1;0;0;0;0;34
1243;209;4;44;1;0;0;0;0;47
1244;328;4;57;1;0;0;0;0;58
1245;467;4;76;1;0;13;0;0;72
1246;624;4;99;0;0;42;0;0;87
1247;796;4;134;0;0;85;0;0;108
1248;974;3;179;0;0;129;0;0;134
1249;1122;1;224;3;0;186;0;0;157
1250;1244;2;263;7;0;245;0;0;182
1251;1333;4;306;10;0;314;0;0;212
1252;1409;6;349;17;0;399;0;0;247
1253;1475;7;389;22;0;471;0;0;284
1254;1533;8;426;29;0;538;0;0;323
1255;1592;10;451;40;0;613;0;0;358
1256;1644;12;464;54;0;697;0;0;381
1257;1698;17;472;66;0;769;0;3;401
1258;1756;26;480;79;0;853;0;8;419
1259;1819;38;485;92;0;929;0;18;433
1260;1875;55;489;104;0;992;0;32;444
1261;1924;79;490;121;0;1051;0;48;449
1262;1960;104;491;135;0;1107;0;65;450
1263;1981;131;489;148;0;1134;0;83;447
1264;1996;158;486;159;0;1154;0;103;442
1265;2006;185;482;169;0;1170;11;120;436
1266;2003;212;475;177;0;1167;30;136;427
1267;1990;235;466;187;0;1158;58;150;418
1268;1967;253;457;194;0;1130;91;160;406
1269;1931;267;444;200;0;1097;129;171;394
1270;1876;279;430;205;0;1042;174;180;380
1271;1814;289;415;208;0;977;223;189;367
1272;1745;299;399;212;0;904;290;197;355
1273;1665;307;384;215;0;821;350;205;343
1274;1582;310;370;217;0;740;411;213;333
1275;1502;315;355;218;0;655;467;218;324
1276;1425;321;341;222;0;582;522;223;319
1277;1351;328;332;224;0;506;575;227;317
1278;1294;334;325;228;0;445;621;230;320
1279;1242;342;318;231;0;398;666;234;326
1280;1198;352;314;236;0;350;698;237;334
1281;1158;361;316;243;0;312;722;240;344
1282;1123;372;318;252;0;276;737;242;356
1283;1091;383;323;260;0;244;744;244;369
1284;1061;391;330;268;0;208;744;246;382
1285;1031;398;336;277;0;181;735;247;397
1286;1003;406;343;285;0;148;713;248;410
1287;972;414;353;294;2;117;665;248;426
1288;937;420;364;300;10;92;598;247;441
1289;903;428;372;303;23;66;520;246;458
1290;868;433;383;302;44;44;427;245;477
1291;833;436;392;302;76;26;336;244;497
1292;797;439;402;300;114;14;249;242;517
1293;764;441;410;294;159;5;167;241;536
1294;728;441;419;289;206;1;98;240;555
1295;689;440;426;281;258;0;51;239;573
1296;654;438;430;275;314;0;19;238;590
1297;617;434;432;268;369;0;2;237;608
1298;579;430;430;262;419;0;0;236;628
1299;539;425;427;254;467;0;0;236;649
1300;498;419;421;245;512;0;0;236;669
1301;452;408;413;239;559;0;0;235;691
1302;405;397;402;230;606;0;0;236;712
1303;354;384;388;222;653;0;0;236;731
1304;300;367;368;213;692;0;0;236;749
1305;245;347;345;202;732;0;0;236;765
1306;191;322;318;191;771;0;0;237;772
1307;141;294;288;178;801;0;0;238;773
1308;98;255;256;161;823;0;0;239;767
1309;63;218;225;141;831;0;0;240;752
1310;36;182;192;124;826;0;0;241;729
1311;18;147;162;106;801;0;0;242;704
1312;7;110;140;89;760;0;0;244;673
1313;1;78;119;72;699;0;0;245;638
1314;0;52;102;53;622;0;0;247;604
1315;0;29;89;39;529;0;0;248;568
1316;0;19;76;29;427;0;0;249;535
1317;0;14;64;22;328;0;0;250;504
1318;0;11;55;16;238;0;0;251;476
1319;0;8;46;10;162;0;0;251;446
1320;0;11;36;4;101;0;0;251;414
1321;0;11;26;1;53;0;0;250;383
1322;0;11;18;3;20;0;0;249;350
1323;0;11;11;3;4;0;0;248;318
1324;0;13;8;3;0;0;0;247;286
1325;0;11;5;3;0;0;0;244;255
1326;0;9;3;2;0;0;0;240;228
1327;0;8;1;2;0;0;0;235;207
1328;0;7;1;2;0;0;0;228;188
1329;0;8;1;2;0;0;0;218;170
1330;0;10;1;0;0;0;0;205;156
1331;0;12;4;0;0;0;0;187;144
1332;0;13;7;1;0;0;0;167;133
1333;0;15;9;3;0;0;0;145;122
1334;0;15;12;3;0;0;0;117;111
1335;0;15;14;3;0;0;0;91;96
1336;0;15;16;5;0;0;0;67;83
1337;0;14;19;5;0;0;0;46;69
1338;0;12;21;5;0;0;0;28;56
1339;0;9;21;5;0;0;0;16;42
1340;0;8;20;3;0;0;0;6;31
1341;0;8;20;1;0;0;0;0;24
1342;0;6;20;1;0;0;0;0;16
1343;0;5;19;1;0;0;0;0;10
1344;0;4;18;0;0;0;0;0;5
1345;0;2;18;0;0;0;0;0;3
1346;0;2;17;0;0;0;0;0;1
1347;0;4;17;0;0;0;0;0;1
1348;0;5;17;0;0;0;0;0;1
1349;0;3;17;0;0;0;0;0;0
1350;0;5;15;0;0;0;0;0;0
1351;0;5;16;0;0;0;0;0;0
1352;0;7;16;1;0;0;0;0;0
1353;0;7;15;1;0;0;0;0;0
1354;0;8;15;1;0;0;0;0;0
1355;0;8;16;2;0;0;0;0;0
1356;0;7;15;2;0;0;0;0;0
1357;0;9;15;2;0;0;0;0;0
1358;0;7;15;2;0;0;0;0;1
1359;0;7;15;2;0;0;0;0;1
1360;0;7;14;2;0;0;0;0;1
1361;0;8;14;4;0;0;0;0;1
1362;0;8;15;4;0;0;0;0;1
1363;0;7;14;2;0;0;0;0;1
1364;0;5;14;2;0;0;0;0;1
1365;0;6;15;2;0;0;0;0;1
1366;0;9;16;4;0;0;0;0;0
1367;0;10;17;6;0;0;0;0;0
1368;0;11;18;5;0;0;0;0;0
1369;0;12;19;3;0;0;0;0;0
1370;0;11;20;3;0;0;0;0;0
1371;0;13;20;5;0;0;0;0;0
1372;0;14;21;5;0;0;0;0;0
1373;0;13;21;5;0;0;0;0;0
1374;0;12;21;3;0;0;0;0;0
1375;0;12;21;1;0;0;0;0;0
1376;0;11;21;3;0;0;0;0;0
1377;0;12;20;4;0;0;0;0;0
1378;0;12;20;4;0;0;0;0;0
1379;0;13;20;3;0;0;0;0;0
1380;0;14;20;3;0;0;0;0;0
1381;0;13;20;3;0;0;0;0;0
1382;0;13;20;4;0;0;0;0;0
1383;0;11;19;4;0;0;0;0;0
1384;0;10;21;3;0;0;0;0;0
1385;0;9;22;1;0;0;0;0;0
1386;0;10;22;1;0;0;0;0;0
1387;0;10;21;3;0;0;0;0;0
1388;0;9;21;3;0;0;0;0;0
1389;0;11;21;3;0;0;0;0;0
1390;0;11;21;1;0;0;0;0;0
1391;0;13;21;1;0;0;0;0;0
1392;0;15;20;1;0;0;0;0;0
1393;0;14;20;1;0;0;0;0;0
1394;0;15;20;1;0;0;0;0;0
1395;0;13;20;1;0;0;0;0;0
1396;0;12;20;1;0;0;0;0;0
1397;0;11;20;1;0;0;0;0;0
1398;0;10;19;1;0;0;0;0;0
1399;0;9;19;1;0;0;0;0;0
1400;0;9;18;1;0;0;0;0;0
1401;0;11;18;1;0;0;0;0;0
1402;0;11;18;1;0;0;0;0;0
1403;0;11;18;0;0;0;0;0;0
1404;0;11;18;0;0;0;0;0;0
1405;0;10;18;0;0;0;0;0;0
1406;0;11;19;0;0;0;0;0;0
1407;0;11;19;0;0;0;0;0;0
1408;0;12;20;0;0;0;0;0;0
1409;0;9;20;0;0;0;0;0;0
1410;0;9;20;0;0;0;0;0;0
1411;0;10;20;0;0;0;0;0;0
1412;0;12;21;0;0;0;0;0;0
1413;0;14;21;0;0;0;0;0;0
1414;0;15;20;0;0;0;0;0;0
1415;0;14;22;0;0;0;0;0;0
1416;0;12;23;0;0;0;0;0;0
1417;0;14;22;0;0;0;0;0;0
1418;0;14;21;0;0;0;0;0;0
1419;0;15;21;1;0;0;0;0;0
1420;0;14;20;1;0;0;0;0;0
1421;0;13;19;2;0;0;0;0;0
1422;0;13;20;2;0;0;0;0;0
1423;0;14;19;2;0;0;0;0;0
1424;0;14;19;2;0;0;0;0;0
1425;0;14;19;4;0;0;0;0;0
1426;0;13;20;5;0;0;0;0;0
1427;0;11;21;4;0;0;0;0;0
1428;0;9;21;4;0;0;0;0;0
1429;0;10;23;3;0;0;0;0;0
1430;0;9;21;3;0;0;0;0;0
1431;0;9;21;3;0;0;0;0;0
1432;0;8;21;3;0;0;0;0;0
1433;0;8;21;1;0;0;0;0;0
1434;0;9;22;0;0;0;0;0;0
1435;0;12;21;1;0;0;0;0;0
1436;0;14;21;3;0;0;0;0;0
1437;0;11;21;4;0;0;0;0;0
1438;0;13;22;4;0;0;0;0;0
1439;0;14;22;6;0;0;0;0;0
1440;0;15;22;6;0;0;0;0;0
1441;0;16;20;8;0;0;0;0;0
1442;0;14;20;8;0;0;0;0;0
1443;0;13;19;7;0;0;0;0;0
1444;0;15;20;5;0;0;0;0;0
1445;0;15;19;3;0;0;0;0;0
1446;0;15;19;3;0;0;0;0;0
1447;0;12;20;2;0;0;0;0;0
1448;0;11;19;2;0;0;0;0;0
1449;0;10;21;0;0;0;0;0;0
1450;0;9;20;0;0;0;0;0;0
1451;0;8;19;0;0;0;0;0;0
1452;0;6;18;0;0;0;0;0;0
1453;0;9;20;0;0;0;0;0;0
1454;0;9;21;0;0;0;0;0;0
1455;0;10;21;0;0;0;0;0;0
1456;0;11;20;0;0;0;0;0;0
1457;0;13;20;1;0;0;0;0;0
1458;0;14;21;3;0;0;0;0;0
1459;0;14;22;3;0;0;0;0;0
1460;0;14;23;3;0;0;0;0;0
1461;0;12;23;3;0;0;0;0;0
1462;0;12;22;4;0;0;0;0;0
1463;0;11;22;4;0;0;0;0;0
1464;0;12;23;4;0;0;0;0;0
1465;0;12;24;3;0;0;0;0;0
1466;0;11;25;1;0;0;0;0;0
1467;0;11;23;3;0;0;0;0;0
1468;0;11;23;4;0;0;0;0;0
1469;0;14;22;4;0;0;0;0;0
1470;0;12;22;3;0;0;0;0;0
1471;0;11;21;4;0;0;0;0;0
1472;0;10;21;4;0;0;0;0;0
1473;0;9;21;4;0;0;0;0;0
1474;0;10;20;6;0;0;0;0;0
1475;0;10;20;4;0;0;0;0;0
1476;0;10;21;3;0;0;0;0;0
1477;0;9;22;3;0;0;0;0;0
1478;0;11;22;3;0;0;0;0;0
1479;0;13;23;1;0;0;0;0;0
1480;0;14;23;1;0;0;0;0;0
1481;0;13;23;1;0;0;0;0;1
1482;0;12;23;0;0;0;0;0;1
1483;0;12;24;0;0;0;0;0;1
1484;0;12;24;1;0;0;0;0;1
1485;0;12;22;1;0;0;0;0;1
1486;0;12;21;3;0;0;0;0;1
1487;0;12;21;3;0;0;0;0;1
1488;0;13;20;3;0;0;0;0;1
1489;0;12;20;3;0;0;0;0;0
1490;0;14;20;3;0;0;0;0;0
1491;0;13;20;3;0;0;0;0;0
1492;0;14;20;1;0;0;0;0;0
1493;0;14;20;1;0;0;0;0;0
1494;0;14;21;0;0;0;0;0;0
1495;0;14;20;0;0;0;0;0;0
1496;0;10;21;0;0;0;0;0;0
1497;0;11;21;0;0;0;0;0;0
1498;0;11;21;0;0;0;0;0;0
1499;0;14;23;0;0;0;0;0;0
1500;0;13;23;0;0;0;0;0;0
1501;0;14;25;0;0;0;0;0;0
1502;0;14;24;0;0;0;0;0;0
1503;0;15;25;0;0;0;0;0;0
1504;0;16;26;0;0;0;0;0;0
1505;0;15;26;0;0;0;0;0;0
1506;0;15;25;0;0;0;0;0;0
1507;0;14;23;0;0;0;0;0;0
1508;0;14;23;0;0;0;0;0;0
1509;0;13;22;0;0;0;0;0;0
1510;0;13;20;0;0;0;0;0;0
1511;0;11;21;0;0;0;0;0;0
1512;0;12;21;0;0;0;0;0;0
1513;0;12;20;0;0;0;0;0;0
1514;0;13;23;1;0;0;0;0;0
1515;0;13;22;1;0;0;0;0;0
1516;0;13;22;1;0;0;0;0;0
1517;0;13;23;1;0;0;0;0;0
1518;0;14;25;1;0;0;0;0;0
1519;0;16;25;1;0;0;0;0;0
1520;0;15;25;1;0;0;0;0;0
1521;0;17;25;1;0;0;0;0;0
1522;0;16;23;0;0;0;0;0;0
1523;0;15;24;0;0;0;0;0;0
1524;0;15;24;2;0;0;0;0;0
1525;0;15;23;2;0;0;0;0;0
1526;0;14;22;2;0;0;0;0;0
1527;0;12;22;2;0;0;0;0;0
1528;0;12;21;2;0;0;0;0;0
1529;0;11;21;2;0;0;0;0;0
1530;0;12;21;2;0;0;0;0;0
1531;0;14;19;2;0;0;0;0;0
1532;0;14;20;1;0;0;0;0;0
1533;0;13;20;1;0;0;0;0;0
1534;0;12;21;1;0;0;0;0;0
1535;0;13;20;1;0;0;0;0;0
1536;0;13;21;1;0;0;0;0;0
1537;0;13;22;1;0;0;0;0;0
1538;0;10;22;3;0;0;0;0;0
1539;0;7;24;3;0;0;0;0;0
1540;0;7;24;3;0;0;0;0;0
1541;0;9;23;3;0;0;0;0;0
1542;0;10;21;4;0;0;0;0;0
1543;0;12;22;4;0;0;0;0;0
1544;0;13;23;5;0;0;0;0;0
1545;0;13;22;5;0;0;0;0;0
1546;0;14;21;4;0;0;0;0;0
1547;0;14;20;5;0;0;0;0;0
1548;0;14;21;4;0;0;0;0;0
1549;0;13;22;6;0;0;0;0;0
1550;0;14;24;4;0;0;0;0;0
1551;0;10;23;6;0;0;0;0;0
1552;0;7;23;5;0;0;0;0;0
1553;0;6;22;5;0;0;0;0;0
1554;0;8;24;5;0;0;0;0;0
1555;0;9;24;3;0;0;0;0;0
1556;0;11;24;3;0;0;0;0;0
1557;0;10;24;1;0;0;0;0;0
1558;0;10;22;1;0;0;0;0;0
1559;0;10;23;0;0;0;0;0;0
1560;0;13;23;0;0;0;0;0;0
1561;0;15;23;0;0;0;0;0;0
1562;0;14;23;0;0;0;0;0;0
1563;0;15;23;0;0;0;0;0;0
1564;0;13;22;1;0;0;0;0;0
1565;0;13;23;1;0;0;0;0;0
1566;0;13;23;1;0;0;0;0;0
1567;0;15;23;1;0;0;0;0;0
1568;0;12;22;1;0;0;0;0;0
1569;0;12;23;1;0;0;0;0;0
1570;0;12;22;1;0;0;0;0;0
1571;0;10;21;1;0;0;0;0;0
1572;0;9;22;0;0;0;0;0;0
1573;0;11;22;0;0;0;0;0;0
1574;0;11;22;0;0;0;0;0;0
1575;0;11;23;0;0;0;0;0;0
1576;0;13;23;0;0;0;0;0;0
1577;0;10;22;0;0;0;0;0;0
1578;0;11;23;0;0;0;0;0;0
1579;0;13;24;0;0;0;0;0;0
1580;0;13;23;2;0;0;0;0;0
1581;0;13;23;2;0;0;0;0;0
1582;0;12;22;2;0;0;0;0;0
1583;0;11;21;4;0;0;0;0;0
1584;0;11;21;4;0;0;0;0;0
1585;0;13;24;6;0;0;0;0;0
1586;0;11;22;6;0;0;0;0;0
1587;0;11;22;6;0;0;0;0;0
1588;0;12;23;5;0;0;0;0;0
1589;0;12;23;5;0;0;0;0;0
1590;0;12;23;5;0;0;0;0;0
1591;0;11;23;3;0;0;0;0;0
1592;0;11;24;3;0;0;0;0;0
1593;0;12;22;1;0;0;0;0;0
1594;0;14;22;1;0;0;0;0;0
1595;0;13;22;3;0;0;0;0;0
1596;0;15;22;1;0;0;0;0;0
1597;0;15;23;1;0;0;0;0;0
1598;0;15;24;1;0;0;0;0;0
1599;0;16;25;1;0;0;0;0;0
1600;0;16;25;1;0;0;0;0;0
1601;0;15;26;1;0;0;0;0;0
1602;0;14;26;1;0;0;0;0;0
1603;0;14;26;0;0;0;0;0;0
1604;0;12;26;0;0;0;0;0;0
1605;0;13;24;0;0;0;0;0;0
1606;0;14;24;0;0;0;0;0;0
1607;0;13;23;0;0;0;0;0;0
1608;0;14;22;0;0;0;0;0;0
1609;0;14;22;0;0;0;0;0;0
1610;0;13;22;0;0;0;0;0;0
1611;0;12;22;0;0;0;0;0;0
1612;0;12;22;0;0;0;0;0;0
1613;0;12;22;1;0;0;0;0;0
1614;0;9;22;1;0;0;0;0;0
1615;0;11;22;3;0;0;0;0;0
1616;0;10;23;3;0;0;0;0;0
1617;0;11;23;3;0;0;0;0;0
1618;0;11;23;4;0;0;0;0;0
1619;0;11;23;4;0;0;0;0;0
1620;0;11;23;4;0;0;0;0;0
1621;0;12;24;5;0;0;0;0;0
1622;0;14;23;5;0;0;0;0;0
1623;0;13;23;5;0;0;0;0;0
1624;0;13;23;5;0;0;0;0;0
1625;0;13;22;5;0;0;0;0;0
1626;0;14;23;4;0;0;0;0;0
1627;0;17;23;4;0;0;0;0;0
1628;0;15;23;4;0;0;0;0;0
1629;0;15;22;2;0;0;0;0;0
1630;0;14;22;2;0;0;0;0;0
1631;0;14;22;0;0;0;0;0;0
1632;0;14;24;0;0;0;0;0;0
1633;0;13;24;0;0;0;0;0;0
1634;0;13;23;0;0;0;0;0;0
1635;0;12;24;0;0;0;0;0;0
1636;0;11;24;0;0;0;0;0;0
1637;0;11;24;0;0;0;0;0;0
1638;0;12;23;0;0;0;0;0;0
1639;0;12;23;0;0;0;0;0;0
1640;0;12;22;0;0;0;0;0;0
1641;0;12;22;0;0;0;0;0;0
1642;0;10;23;0;0;0;0;0;0
1643;0;10;22;0;0;0;0;0;0
1644;0;11;22;0;0;0;0;0;0
1645;0;11;23;1;0;0;0;0;0
1646;0;9;24;1;0;0;0;0;0
1647;0;7;24;1;0;0;0;0;0
1648;0;7;24;1;0;0;0;0;0
1649;0;7;25;1;0;0;0;0;0
1650;0;9;24;1;0;0;0;0;0
1651;0;10;24;1;0;0;0;0;0
1652;0;8;24;1;0;0;0;0;0
1653;0;8;23;0;0;0;0;0;0
1654;0;8;24;0;0;0;0;0;0
1655;0;8;24;0;0;0;0;0;0
1656;0;7;24;0;0;0;0;0;0
1657;0;6;23;0;0;0;0;0;0
1658;0;6;23;2;0;0;0;0;0
1659;0;6;22;2;0;0;0;0;0
1660;0;9;22;4;0;0;0;0;0
1661;0;8;23;5;0;0;0;0;0
1662;0;10;23;5;0;0;0;0;0
1663;0;14;23;5;0;0;0;0;0
1664;0;15;23;5;0;0;0;0;0
1665;0;17;23;5;0;0;0;0;0
1666;0;15;23;3;0;0;0;0;0
1667;0;15;23;5;0;0;0;0;0
1668;0;16;23;3;0;0;0;0;0
1669;0;16;24;1;0;0;0;0;0
1670;0;16;24;1;0;0;0;0;0
1671;0;13;24;1;0;0;0;0;0
1672;0;13;24;1;0;0;0;0;0
1673;0;14;24;1;0;0;0;0;0
1674;0;16;24;1;0;0;0;0;1
1675;0;16;24;0;0;0;0;0;3
1676;0;14;24;0;0;0;0;0;6
1677;0;13;22;0;0;0;0;0;9
1678;0;13;22;1;0;0;0;0;12
1679;0;13;22;1;0;0;0;0;15
1680;0;15;22;1;0;0;0;0;19
1681;0;13;22;1;0;0;0;0;23
1682;0;12;22;1;0;0;0;0;26
1683;0;12;23;2;0;0;0;0;28
1684;0;13;23;2;0;0;0;0;31
1685;0;14;24;2;0;0;0;0;33
1686;0;16;24;1;0;0;0;0;36
1687;0;16;24;1;0;0;0;0;39
1688;0;14;23;2;0;0;0;0;40
1689;0;16;23;2;0;0;0;0;43
1690;0;19;22;2;0;0;0;0;44
1691;0;18;21;1;0;0;0;0;46
1692;0;18;21;2;0;0;0;0;46
1693;0;16;22;2;0;0;0;0;47
1694;0;15;23;2;0;0;0;0;48
1695;0;16;23;4;0;0;0;0;48
1696;0;16;25;2;0;0;0;0;48
1697;0;16;25;2;0;0;0;0;48
1698;0;15;26;2;0;0;0;0;48
1699;0;15;26;5;0;0;0;0;47
1700;0;15;25;3;0;0;0;0;47
1701;0;16;24;3;0;0;0;0;47
1702;0;15;24;3;0;0;0;0;46
1703;0;13;24;2;0;0;0;0;44
1704;0;13;24;2;0;0;0;0;39
1705;0;12;23;3;0;0;0;0;33
1706;0;8;24;3;0;0;0;0;27
1707;0;9;25;3;0;0;0;0;22
1708;0;9;25;3;0;0;0;0;16
1709;0;9;24;4;0;0;0;0;10
1710;0;11;25;4;0;0;0;0;5
1711;0;12;25;4;0;0;0;0;1
1712;0;12;24;4;0;0;0;0;0
1713;0;12;24;3;0;0;0;0;0
1714;0;13;23;3;0;0;0;0;0
1715;0;14;22;1;0;0;0;0;0
1716;0;14;21;1;0;0;0;0;0
1717;0;15;22;0;0;0;0;0;0
1718;0;16;20;0;0;0;0;0;0
1719;0;15;20;0;0;0;0;0;0
1720;0;15;20;0;0;0;0;0;0
1721;0;16;19;0;0;0;0;0;0
1722;0;18;19;0;0;0;0;0;0
1723;0;16;19;0;0;0;0;0;1
1724;0;15;20;0;0;0;0;0;1
1725;0;13;20;1;0;0;0;0;2
1726;0;11;21;1;0;0;0;0;2
1727;0;10;23;2;0;0;0;0;6
1728;0;9;23;2;0;0;0;0;6
1729;0;10;23;4;0;0;0;0;6
1730;0;7;24;4;0;0;0;4;6
1731;0;9;25;7;0;0;0;14;5
1732;0;10;25;11;0;0;0;28;5
1733;14;17;27;17;0;0;2;45;8
1734;42;37;32;24;0;0;25;66;11
1735;73;59;35;29;0;0;70;89;7
1736;105;83;37;34;0;0;131;114;7
1737;138;108;40;37;0;0;216;141;7
1738;173;141;43;47;0;0;323;165;11
1739;222;177;54;56;0;0;447;185;23
1740;280;223;65;67;0;0;582;201;39
1741;330;265;77;78;0;0;729;216;50
1742;371;298;88;91;0;2;857;227;65
1743;415;331;100;106;0;11;972;237;82
1744;463;363;116;122;0;28;1074;246;99
1745;517;393;129;139;0;47;1162;253;116
1746;575;421;143;155;0;75;1237;259;131
1747;625;445;152;168;0;107;1299;263;139
1748;673;461;165;181;0;148;1346;266;144
1749;721;474;179;193;0;196;1374;267;155
1750;770;487;193;204;0;246;1396;268;168
1751;814;496;208;215;0;295;1411;268;184
1752;854;504;222;226;0;334;1413;266;204
1753;884;512;239;237;0;361;1394;264;228
1754;907;515;253;243;0;373;1352;261;252
1755;919;515;265;247;0;374;1296;258;277
1756;920;511;275;249;0;362;1230;255;304
1757;909;506;285;248;0;337;1141;253;328
1758;892;498;295;244;0;303;1038;250;350
1759;870;488;305;238;0;254;918;247;371
1760;845;475;316;229;0;200;787;244;391
1761;819;461;327;220;0;154;653;241;411
1762;794;446;338;212;0;113;524;239;430
1763;769;432;350;206;0;81;403;237;446
1764;744;418;360;199;0;51;295;235;462
1765;721;406;366;193;0;29;217;232;476
1766;695;394;370;188;0;10;161;229;489
1767;669;384;373;181;3;2;121;227;501
1768;643;375;371;176;9;0;113;225;511
1769;615;368;369;171;21;0;121;225;518
1770;584;362;365;167;37;0;142;224;524
1771;554;358;359;164;63;0;167;225;532
1772;523;352;352;163;94;0;196;226;539
1773;488;346;344;163;132;0;230;228;545
1774;452;339;332;165;173;0;262;230;552
1775;416;332;316;168;212;0;303;233;557
1776;379;326;298;171;257;0;344;236;560
1777;341;317;278;175;301;0;387;240;563
1778;302;306;257;179;338;0;434;246;566
1779;260;294;233;183;367;0;484;254;565
1780;220;280;209;187;395;0;533;264;565
1781;181;261;180;191;417;0;577;276;562
1782;141;241;157;196;429;0;630;290;557
1783;107;221;139;200;438;0;678;309;553
1784;76;199;122;202;434;0;722;335;548
1785;50;180;108;205;422;0;757;362;543
1786;30;162;96;201;408;0;795;395;535
1787;17;142;87;195;386;0;830;432;527
1788;6;119;79;182;358;0;869;482;519
1789;1;104;76;166;320;0;901;545;510
1790;1;88;72;146;279;0;925;630;501
1791;0;71;67;124;230;0;941;733;490
1792;0;54;65;101;183;0;937;858;478
1793;0;40;63;76;140;0;931;1009;465
1794;0;28;59;56;101;0;883;1174;453
1795;0;19;55;38;67;0;820;1371;439
1796;0;16;51;27;37;0;709;1564;424
1797;0;10;44;19;16;0;588;1759;409
1798;0;9;36;11;3;0;465;1938;394
1799;0;7;28;6;0;0;345;2095;382
1800;0;9;20;5;0;0;238;2200;371
1801;0;9;13;5;0;0;139;2205;356
1802;0;8;7;5;0;0;70;2068;336
1803;0;7;3;5;0;0;13;1841;309
1804;0;7;2;5;0;0;0;1588;280
1805;0;8;5;3;0;0;0;1313;246
1806;1;9;8;4;0;0;0;1017;209
1807;6;10;10;4;0;0;0;707;167
1808;10;10;10;3;0;0;0;422;124
1809;14;10;12;4;0;0;0;206;86
1810;18;10;12;4;0;0;0;110;56
1811;20;11;15;4;0;0;0;67;36
1812;24;10;12;5;0;0;0;37;19
1813;28;10;10;6;0;0;0;12;9
1814;29;8;6;5;0;0;0;0;3
1815;27;6;4;5;0;0;0;0;1
1816;25;6;4;5;0;0;0;0;1
1817;21;5;2;3;0;0;0;0;1
1818;18;5;2;4;0;0;0;0;1
1819;15;5;0;4;0;0;0;0;0
1820;11;5;0;4;0;0;0;0;0
1821;7;6;0;3;0;0;0;0;0
1822;4;8;0;3;0;0;0;0;0
1823;2;8;0;3;0;0;0;0;0
1824;0;7;0;3;0;0;0;0;0
1825;0;8;0;3;0;0;0;0;0
1826;0;8;0;1;0;0;0;0;0
1827;0;8;0;1;0;0;0;0;0
1828;0;10;0;0;0;0;0;0;0
1829;0;10;0;0;0;0;0;0;0
1830;0;9;0;0;0;0;0;0;0
1831;0;11;0;0;0;0;0;0;0
1832;0;12;0;0;0;0;0;0;0
1833;0;14;0;0;0;0;0;0;0
1834;0;16;0;0;0;0;0;0;0
1835;0;17;0;0;0;0;0;0;0
1836;0;17;0;0;0;0;0;0;0
1837;0;15;0;0;0;0;0;0;0
1838;0;15;0;0;0;0;0;0;0
1839;0;15;0;0;0;0;0;0;5
1840;0;17;0;0;0;0;0;0;11
1841;0;16;2;0;0;0;0;0;18
1842;0;15;5;0;0;0;0;0;25
1843;0;13;8;0;0;0;0;0;32
1844;0;11;11;0;0;0;0;0;38
1845;68;11;26;0;0;0;0;0;57
1846;226;11;45;0;0;24;0;0;74
1847;443;11;64;0;0;97;0;0;83
1848;712;7;88;1;0;237;0;0;95
1849;1038;6;124;2;0;431;0;0;110
1850;1377;3;177;2;0;638;0;0;139
1851;1722;3;236;2;0;836;0;0;181
1852;2061;5;296;2;0;1038;0;0;229
1853;2334;5;344;2;0;1244;0;0;267
1854;2514;5;387;7;0;1422;0;0;314
1855;2638;3;431;12;0;1555;0;0;364
1856;2707;11;469;16;4;1624;0;0;413
1857;2713;27;493;22;11;1627;0;0;458
1858;2703;51;500;30;15;1617;0;3;491
1859;2677;79;501;43;23;1624;0;10;511
1860;2640;106;501;57;32;1603;0;18;527
1861;2573;135;500;72;46;1550;0;29;540
1862;2485;166;501;82;66;1472;0;42;550
1863;2343;196;501;92;91;1339;0;55;558
1864;2167;217;501;98;125;1160;0;70;566
1865;1965;231;501;100;167;969;0;86;576
1866;1737;236;500;101;219;772;0;99;588
1867;1505;238;496;96;275;566;0;110;600
1868;1270;241;487;90;337;385;0;122;610
1869;1054;245;472;82;394;232;0;131;620
1870;850;245;453;75;446;107;0;141;627
1871;685;248;429;68;495;34;0;150;630
1872;546;250;398;65;530;5;0;158;631
1873;429;250;362;65;556;0;0;167;628
1874;335;249;326;66;573;0;0;176;621
1875;254;247;289;70;584;0;0;184;612
1876;186;239;252;76;586;0;0;192;603
1877;129;228;217;85;585;0;0;200;593
1878;83;217;187;94;584;0;0;207;583
1879;48;206;160;101;578;0;0;214;574
1880;25;195;139;109;569;0;9;223;566
1881;12;185;124;114;557;0;28;232;559
1882;5;176;109;117;542;0;56;244;551
1883;0;164;98;115;522;0;97;261;542
1884;0;152;91;108;502;0;154;284;534
1885;0;138;84;99;483;0;220;311;525
1886;0;121;77;89;458;0;296;351;514
1887;0;102;72;78;429;0;377;394;503
1888;0;84;67;63;398;0;453;456;489
1889;0;65;60;49;359;0;530;541;473
1890;0;47;52;38;316;0;593;654;456
1891;0;33;45;29;271;0;642;789;431
1892;0;20;37;21;219;0;663;934;404
1893;0;15;33;15;168;0;670;1102;373
1894;0;11;27;11;122;0;647;1288;338
1895;0;11;20;6;83;0;594;1495;300
1896;0;13;14;4;50;0;509;1697;264
1897;0;14;10;5;26;0;413;1883;230
1898;0;15;6;4;10;0;322;2034;198
1899;0;15;4;4;0;0;232;2137;177
1900;0;17;2;4;0;0;154;2137;154
1901;0;17;1;2;0;0;80;1997;131
1902;0;17;2;2;0;0;28;1780;110
1903;0;19;2;2;0;0;0;1528;94
1904;0;15;5;4;0;0;0;1252;78
1905;2;15;8;3;0;0;0;948;62
1906;4;13;8;4;0;0;0;646;45
1907;5;13;8;4;0;0;0;365;27
1908;5;15;9;4;0;0;0;169;15
1909;5;13;10;4;0;0;0;86;8
1910;5;11;11;5;0;0;0;48;4
1911;5;10;11;5;0;0;0;19;3
1912;5;10;8;3;0;0;0;0;1
1913;3;8;7;3;0;0;0;0;0
1914;1;7;9;1;0;0;0;0;0
1915;0;7;11;1;0;0;0;0;0
1916;0;6;11;1;0;0;0;0;0
1917;0;5;9;1;0;0;0;0;0
1918;0;7;9;0;0;0;0;0;0
1919;0;5;11;0;0;0;0;0;0
1920;0;7;12;0;0;0;0;0;0
1921;0;7;11;0;0;0;0;0;0
1922;0;8;10;0;0;0;0;0;0
1923;0;8;10;0;0;0;0;0;0
1924;0;6;9;0;0;0;0;0;0
1925;0;8;11;0;0;0;0;0;0
1926;0;8;9;1;0;0;0;0;0
1927;0;9;9;1;0;0;0;0;0
1928;0;10;9;1;0;0;0;0;0
1929;0;11;11;1;0;0;0;0;0
1930;0;11;11;1;0;0;0;0;0
1931;0;12;10;3;0;0;0;0;0
1932;0;14;11;3;0;0;0;0;0
1933;0;13;12;3;0;0;0;0;0
1934;0;12;13;1;0;0;0;0;0
1935;0;12;13;1;0;0;0;0;0
1936;0;10;13;1;0;0;0;0;3
1937;0;10;14;1;0;0;0;0;8
1938;0;11;15;1;0;0;0;0;14
1939;0;11;17;0;0;0;0;0;21
1940;0;9;17;1;0;0;0;0;28
1941;0;10;15;1;0;0;0;0;35
1942;5;10;17;1;0;0;0;0;44
1943;74;8;29;1;0;0;0;0;59
1944;238;9;48;1;0;39;0;0;71
1945;476;9;65;1;0;141;0;0;77
1946;755;8;84;1;0;291;0;0;83
1947;1072;8;109;1;0;470;0;0;91
1948;1379;9;150;0;0;643;0;0;106
1949;1668;9;200;0;0;791;0;0;123
1950;1948;12;256;0;0;941;0;0;155
1951;2176;12;305;0;0;1111;0;0;190
1952;2327;12;347;2;0;1257;0;0;231
1953;2413;13;391;6;0;1351;0;0;282
1954;2462;16;432;11;0;1403;0;0;335
1955;2484;26;465;18;0;1431;0;0;384
1956;2514;45;485;24;0;1469;0;3;428
1957;2563;67;497;31;0;1527;0;9;468
1958;2606;92;500;40;0;1590;0;16;492
1959;2637;120;501;52;0;1618;0;27;504
1960;2642;147;501;63;0;1626;0;39;508
1961;2616;175;501;71;0;1615;0;53;505
1962;2561;200;500;79;0;1580;0;68;497
1963;2466;219;499;84;0;1524;0;82;487
1964;2354;231;496;88;0;1434;0;94;476
1965;2215;236;491;93;0;1320;0;104;462
1966;2071;243;482;95;0;1164;0;114;449
1967;1906;251;470;94;0;1003;0;122;434
1968;1738;260;452;93;0;828;0;129;420
1969;1575;269;431;94;0;648;0;135;407
1970;1421;279;404;96;0;480;0;142;393
1971;1282;291;374;99;0;329;0;150;379
1972;1156;304;345;105;0;207;0;158;367
1973;1045;321;316;112;0;116;4;166;359
1974;938;334;290;119;0;60;26;175;352
1975;842;347;268;125;0;23;56;183;350
1976;752;356;248;132;0;3;101;191;353
1977;671;366;232;142;0;0;164;199;359
1978;599;374;220;151;0;0;249;207;368
1979;529;379;211;162;0;0;363;214;380
1980;459;383;199;172;2;0;492;221;392
1981;388;380;184;181;9;0;634;230;405
1982;323;373;171;189;16;0;768;243;418
1983;259;360;153;197;27;0;914;260;429
1984;198;345;137;205;43;0;1061;281;436
1985;143;328;120;206;54;0;1199;314;442
1986;97;305;103;202;63;0;1331;351;444
1987;60;275;86;195;73;0;1447;398;443
1988;32;239;72;181;71;0;1555;456;439
1989;15;200;60;162;64;0;1643;535;429
1990;4;160;47;139;57;0;1717;635;409
1991;0;125;37;112;45;0;1770;750;377
1992;0;95;27;85;30;0;1802;878;340
1993;0;65;19;61;19;0;1811;1017;300
1994;0;39;13;41;10;0;1768;1167;258
1995;0;22;8;23;0;0;1677;1326;213
1996;0;10;3;11;0;0;1538;1498;167
1997;0;10;1;5;0;0;1356;1663;126
1998;0;10;0;2;0;0;1128;1806;92
1999;0;12;0;4;0;0;898;1932;71
2000;0;11;0;4;0;0;675;1998;53
2001;0;11;0;4;0;0;465;1942;39
2002;0;13;0;4;0;0;291;1780;28
2003;0;14;1;4;0;0;152;1579;20
2004;0;14;1;6;0;0;54;1343;16
2005;4;11;3;4;0;0;2;1075;12
2006;9;10;3;4;0;0;0;794;8
2007;13;8;3;3;0;0;0;510;5
2008;15;9;3;3;0;0;0;267;2
2009;15;8;3;3;0;0;0;124;0
2010;15;8;3;3;0;0;0;69;0
2011;15;6;3;3;0;0;0;35;0
2012;15;8;3;1;0;0;0;10;0
2013;11;10;1;1;0;0;0;0;0
2014;6;12;3;1;0;0;0;0;0
2015;2;13;3;0;0;0;0;0;0
2016;0;10;3;0;0;0;0;0;0
2017;0;10;3;1;0;0;0;0;0
2018;0;11;3;1;0;0;0;0;0
2019;0;11;1;1;0;0;0;0;0
2020;0;11;1;1;0;0;0;0;0
2021;0;8;1;1;0;0;0;0;0
2022;0;8;0;1;0;0;0;0;0
2023;0;8;0;1;0;0;0;0;0
2024;0;9;1;1;0;0;0;0;0
2025;0;7;4;0;0;0;0;0;0
2026;0;7;4;0;0;0;0;0;0
2027;0;8;5;0;0;0;0;0;0
2028;0;8;5;0;0;0;0;0;0
2029;0;10;5;0;0;0;0;0;0
2030;0;9;7;0;0;0;0;0;0
2031;0;7;7;0;0;0;0;0;0
2032;0;6;5;0;0;0;0;0;0
2033;0;8;3;0;0;0;0;0;0
2034;0;8;3;1;0;0;0;0;0
2035;0;8;1;1;0;0;0;0;0
2036;0;8;1;1;0;0;0;0;3
2037;0;8;4;1;0;0;0;0;9
2038;0;10;2;4;0;0;0;0;15
2039;0;11;2;4;0;0;0;0;25
2040;0;13;4;4;0;0;0;0;35
2041;0;13;5;4;0;0;0;0;44
2042;0;11;7;2;0;0;0;0;52
2043;0;10;9;2;0;0;0;0;60
2044;61;8;24;2;0;0;0;0;77
2045;205;8;41;2;0;17;0;0;87
2046;415;8;58;0;0;99;0;0;93
2047;681;8;78;0;0;241;0;0;98
2048;1007;8;109;0;0;436;0;0;105
2049;1363;9;161;0;0;657;0;0;122
2050;1713;11;222;0;0;888;0;0;162
2051;2069;12;283;0;0;1127;0;0;211
2052;2370;14;330;0;0;1363;0;0;253
2053;2576;15;372;3;3;1568;0;0;304
2054;2720;16;417;8;19;1700;0;0;361
2055;2793;24;460;14;40;1772;0;0;419
2056;2787;37;490;20;72;1782;0;0;477
2057;2734;59;499;26;113;1767;0;3;527
2058;2668;84;498;34;161;1710;0;10;560
2059;2567;110;498;41;215;1629;0;18;588
2060;2421;136;498;47;275;1514;0;28;611
2061;2251;161;498;49;334;1360;0;41;633
2062;2051;187;499;49;383;1183;0;55;652
2063;1839;204;499;47;429;974;0;69;670
2064;1622;216;499;46;468;769;0;82;686
2065;1404;218;498;43;500;563;0;93;699
2066;1186;216;495;39;528;388;0;101;710
2067;989;213;488;37;553;231;0;108;716
2068;821;209;475;34;569;109;0;113;720
2069;679;206;458;33;587;41;0;116;722
2070;556;200;436;33;611;4;0;119;722
2071;448;194;412;34;628;0;0;122;722
2072;357;185;385;35;647;0;0;126;722
2073;276;172;352;35;669;0;0;130;722
2074;213;158;318;36;693;0;0;134;720
2075;157;143;286;37;723;0;0;141;719
2076;108;128;254;39;761;0;0;148;718
2077;70;114;225;40;792;0;0;155;719
2078;40;103;200;40;822;0;0;164;720
2079;20;95;176;40;862;0;0;172;723
2080;7;91;153;41;909;0;0;182;725
2081;3;91;137;43;944;0;0;191;726
2082;0;94;125;46;982;0;0;201;725
2083;0;96;115;47;1014;0;0;210;722
2084;0;94;108;48;1034;0;0;221;714
2085;0;89;100;49;1063;0;6;233;699
2086;0;78;91;48;1073;0;23;249;681
2087;0;65;84;47;1066;0;50;274;658
2088;0;54;78;40;1024;0;90;307;632
2089;0;44;71;34;976;0;139;349;602
2090;0;31;60;28;903;0;190;407;570
2091;0;22;48;21;818;0;234;482;535
2092;0;16;37;14;725;0;273;578;502
2093;0;10;28;9;613;0;292;696;466
2094;0;10;21;4;505;0;278;830;427
2095;0;10;13;0;398;0;251;980;387
2096;0;10;7;0;303;0;211;1147;344
2097;0;9;3;0;220;0;162;1316;301
2098;0;7;1;0;156;0;110;1467;262
2099;0;8;1;0;101;0;67;1562;223
2100;0;8;3;0;59;0;28;1536;183
2101;0;8;4;0;30;0;2;1427;145
2102;0;9;4;1;10;0;0;1283;112
2103;0;9;4;1;0;0;0;1108;83
2104;3;7;7;1;0;0;0;889;60
2105;7;7;7;1;0;0;0;650;41
2106;7;9;8;1;0;0;0;412;24
2107;7;8;8;1;0;0;0;211;10
2108;7;7;7;1;0;0;0;108;3
2109;7;7;5;1;0;0;0;63;1
2110;7;6;7;0;0;0;0;32;0
2111;7;6;7;0;0;0;0;8;0
2112;3;7;4;0;0;0;0;0;0
2113;0;7;4;0;0;0;0;0;0
2114;0;7;3;0;0;0;0;0;0
2115;0;7;2;0;0;0;0;0;0
2116;0;9;4;0;0;0;0;0;0
2117;0;9;5;1;0;0;0;0;0
2118;0;7;4;4;0;0;0;0;0
2119;0;9;4;4;0;0;0;0;0
2120;0;9;4;4;0;0;0;0;0
2121;0;7;6;4;0;0;0;0;0
2122;0;7;7;4;0;0;0;0;0
2123;0;8;8;4;0;0;0;0;0
2124;0;8;8;4;0;0;0;0;0
2125;0;9;8;2;0;0;0;0;0
2126;0;11;8;0;0;0;0;0;0
2127;0;11;8;0;0;0;0;0;0
2128;0;12;8;0;0;0;0;0;0
2129;0;12;7;0;0;0;0;0;0
2130;0;13;5;1;0;0;0;0;0
2131;0;12;3;1;0;0;0;0;0
2132;0;12;3;1;0;0;0;0;0
2133;0;10;1;1;0;0;0;0;0
2134;0;9;3;1;0;0;0;0;0
2135;0;8;4;1;0;0;0;0;0
2136;0;7;6;1;0;0;0;0;4
2137;0;7;7;1;0;0;0;0;10
2138;0;7;10;0;0;0;0;0;18
2139;0;5;13;0;0;0;0;0;25
2140;0;6;13;0;0;0;0;0;31
2141;0;7;15;0;0;0;0;0;37
2142;29;10;20;2;0;0;0;0;47
2143;126;8;34;2;0;0;0;0;62
2144;286;7;49;2;0;31;0;0;68
2145;496;7;61;2;0;99;0;0;71
2146;754;8;77;4;0;228;0;0;74
2147;1038;11;102;5;0;390;0;0;82
2148;1322;11;146;5;0;551;0;0;97
2149;1605;12;200;5;0;704;0;0;125
2150;1859;12;254;3;0;865;0;0;160
2151;2052;13;301;3;0;1034;0;0;196
2152;2188;16;347;7;0;1183;0;0;239
2153;2285;20;397;13;0;1308;0;0;288
2154;2345;33;440;17;0;1371;0;0;337
2155;2380;57;475;23;0;1408;0;6;383
2156;2420;84;493;36;0;1457;0;18;422
2157;2461;118;500;50;0;1516;0;33;446
2158;2505;154;501;67;0;1562;0;49;459
2159;2534;193;501;85;0;1592;0;66;465
2160;2546;234;500;99;0;1601;0;84;466
2161;2515;273;498;110;0;1587;0;103;463
2162;2448;300;496;120;0;1546;0;122;457
2163;2343;315;492;128;0;1470;0;135;448
2164;2211;327;485;132;0;1337;0;143;441
2165;2057;332;475;133;0;1176;0;148;433
2166;1882;336;460;133;0;992;0;154;426
2167;1691;340;442;133;0;794;0;159;418
2168;1494;341;419;131;0;603;0;164;411
2169;1313;341;391;129;0;425;0;170;403
2170;1145;342;359;130;0;274;7;176;396
2171;1000;343;325;132;0;152;25;182;388
2172;870;345;292;136;0;75;54;189;380
2173;752;346;260;139;0;23;94;196;375
2174;645;345;232;142;0;0;146;203;370
2175;552;343;204;146;0;0;220;210;367
2176;473;340;181;151;0;0;316;217;364
2177;401;338;162;158;0;0;436;223;364
2178;334;334;147;166;0;0;563;230;366
2179;276;328;134;173;0;0;702;241;371
2180;218;320;119;179;0;0;844;256;376
2181;168;311;107;185;0;0;994;274;379
2182;125;302;93;190;0;0;1150;297;383
2183;89;292;83;192;0;0;1291;327;386
2184;58;276;75;189;0;0;1421;363;387
2185;35;256;65;183;0;0;1537;408;386
2186;20;234;56;172;0;0;1651;460;381
2187;8;208;48;157;0;0;1750;527;371
2188;4;178;38;138;0;0;1836;602;353
2189;2;148;30;115;0;0;1925;694;327
2190;0;116;26;90;0;0;1984;808;299
2191;0;86;22;69;0;0;2026;931;267
2192;0;61;15;52;0;0;2043;1065;234
2193;0;42;12;35;0;0;2043;1206;199
2194;0;27;10;22;0;0;1993;1359;162
2195;0;16;8;12;0;0;1898;1505;127
2196;0;13;8;7;0;0;1737;1642;98
2197;0;11;8;4;0;0;1506;1765;78
2198;0;9;5;4;0;0;1243;1860;60
2199;0;9;4;3;0;0;985;1904;47
2200;0;10;5;3;0;0;742;1836;33
2201;0;8;5;3;0;0;506;1674;22
2202;0;8;6;3;0;0;307;1468;15
2203;0;6;9;3;0;0;147;1241;11
2204;3;5;11;4;0;0;51;988;9
2205;10;6;13;4;0;0;4;727;5
2206;13;7;13;4;0;0;0;467;2
2207;15;8;13;4;0;0;0;240;0
2208;15;7;11;3;0;0;0;108;0
2209;17;9;11;3;0;0;0;54;0
2210;18;9;8;3;0;0;0;22;0
2211;20;10;5;3;0;0;0;0;0
2212;17;12;3;1;0;0;0;0;0
2213;10;13;3;1;0;0;0;0;0
2214;6;14;3;1;0;0;0;0;0
2215;4;12;4;1;0;0;0;0;0
2216;4;12;4;0;0;0;0;0;0
2217;2;11;5;0;0;0;0;0;0
2218;1;10;5;0;0;0;0;0;0
2219;0;10;6;0;0;0;0;0;0
2220;0;9;6;0;0;0;0;0;0
2221;0;6;5;0;0;0;0;0;0
2222;0;4;6;0;0;0;0;0;0
2223;0;4;6;0;0;0;0;0;0
2224;0;2;8;0;0;0;0;0;0
2225;0;2;6;0;0;0;0;0;0
2226;0;1;6;0;0;0;0;0;0
2227;0;0;6;0;0;0;0;0;0
2228;0;0;6;0;0;0;0;0;0
2229;0;1;6;0;0;0;0;0;1
2230;0;3;4;0;0;0;0;0;1
2231;0;5;3;0;0;0;0;0;1
2232;0;7;2;1;0;0;0;0;1
2233;0;8;2;3;0;0;0;0;1
2234;0;11;2;5;0;0;0;0;1
2235;0;13;1;5;0;0;0;0;1
2236;0;15;3;5;0;0;0;0;3
2237;0;16;3;5;0;0;0;0;8
2238;0;14;4;7;0;0;0;0;15
2239;0;14;7;7;0;0;0;0;22
2240;0;12;7;7;0;0;0;0;29
2241;0;13;10;5;0;0;0;0;35
2242;0;13;12;3;0;0;0;0;41
2243;49;11;20;3;0;0;0;0;55
2244;174;9;38;3;0;0;0;0;68
2245;351;8;54;3;0;48;0;0;71
2246;585;9;70;1;0;141;0;0;74
2247;866;9;91;1;0;292;0;0;80
2248;1163;11;128;2;0;453;0;0;89
2249;1462;11;178;3;0;627;0;0;108
2250;1765;8;238;3;0;817;0;0;146
2251;2026;8;290;3;0;1002;0;0;182
2252;2222;8;334;3;0;1194;0;0;224
2253;2369;10;381;8;0;1343;0;0;277
2254;2459;16;426;14;0;1452;0;0;331
2255;2505;32;465;19;0;1512;0;1;383
2256;2535;57;490;24;0;1556;0;6;433
2257;2561;84;500;33;0;1578;0;16;473
2258;2576;118;501;46;0;1596;0;29;494
2259;2569;156;501;61;0;1603;0;44;508
2260;2532;196;501;76;0;1581;0;60;517
2261;2463;234;501;87;0;1531;0;76;519
2262;2359;267;501;96;0;1448;0;93;518
2263;2217;289;501;106;0;1312;0;109;516
2264;2057;301;500;113;0;1156;0;123;514
2265;1876;311;498;117;2;983;0;133;511
2266;1680;316;492;119;7;775;0;140;509
2267;1486;319;481;121;12;584;0;148;506
2268;1297;321;467;122;20;414;0;154;504
2269;1121;325;449;124;27;265;0;162;500
2270;968;329;428;125;34;147;0;170;497
2271;843;335;402;126;43;72;0;177;494
2272;728;340;375;129;55;22;0;185;491
2273;630;344;344;132;64;0;0;192;489
2274;542;348;315;136;78;0;0;198;488
2275;460;351;288;137;96;0;0;204;487
2276;385;351;262;141;116;0;4;211;488
2277;321;349;238;143;141;0;9;217;492
2278;262;345;215;146;171;0;21;222;497
2279;207;337;194;150;201;0;36;229;503
2280;155;326;174;154;236;0;67;236;510
2281;110;313;157;158;272;0;101;245;514
2282;75;300;140;161;299;0;144;258;519
2283;48;285;125;162;326;0;203;279;523
2284;29;269;112;159;350;0;273;301;524
2285;14;250;98;153;368;0;343;330;523
2286;4;227;85;141;384;0;419;366;519
2287;0;200;76;128;390;0;501;407;513
2288;0;172;65;112;387;0;577;458;503
2289;0;143;54;94;375;0;651;529;490
2290;0;115;44;74;353;0;712;609;473
2291;0;88;33;54;319;0;751;703;451
2292;0;63;25;37;271;0;768;820;423
2293;0;40;18;25;221;0;774;948;386
2294;0;24;11;17;168;0;761;1096;347
2295;0;15;6;11;122;0;707;1253;304
2296;0;13;3;5;80;0;610;1428;263
2297;0;12;1;1;44;0;502;1595;224
2298;0;12;1;3;19;0;398;1751;189
2299;0;11;1;3;4;0;300;1881;157
2300;0;10;0;4;0;0;209;1953;132
2301;0;14;0;3;0;0;127;1913;110
2302;0;13;0;3;0;0;53;1762;91
2303;0;14;0;3;0;0;10;1565;76
2304;0;13;1;3;0;0;0;1333;60
2305;3;13;1;3;0;0;0;1073;47
2306;11;13;1;1;0;0;0;797;33
2307;14;13;1;1;0;0;0;523;24
2308;17;14;1;0;0;0;0;283;12
2309;19;13;1;0;0;0;0;137;8
2310;20;14;1;0;0;0;0;74;5
2311;22;12;1;0;0;0;0;39;1
2312;24;12;1;0;0;0;0;13;1
2313;22;11;1;0;0;0;0;0;1
2314;14;9;4;2;0;0;0;0;1
2315;11;8;5;2;0;0;0;0;0
2316;8;7;5;2;0;0;0;0;0
2317;6;5;7;2;0;0;0;0;0
2318;5;4;9;2;0;0;0;0;0
2319;3;5;11;2;0;0;0;0;0
2320;1;6;11;4;0;0;0;0;0
2321;0;7;14;6;0;0;0;0;0
2322;0;9;13;4;0;0;0;0;0
2323;0;11;14;4;0;0;0;0;0
2324;0;10;16;4;0;0;0;0;0
2325;0;11;17;4;0;0;0;0;0
2326;0;11;17;4;0;0;0;0;0
2327;0;10;17;4;0;0;0;0;0
2328;0;10;18;1;0;0;0;0;0
2329;0;9;17;0;0;0;0;0;0
2330;0;8;17;0;0;0;0;0;0
2331;0;9;15;0;0;0;0;0;0
2332;0;12;15;0;0;0;0;0;0
2333;0;12;15;1;0;0;0;0;0
2334;0;12;15;1;0;0;0;0;0
2335;0;14;16;1;0;0;0;0;0
2336;0;12;17;2;0;0;0;0;0
2337;0;15;16;2;0;0;0;0;0
2338;0;13;16;2;0;0;0;0;5
2339;0;12;19;2;0;0;0;0;11
2340;0;8;18;2;0;0;0;0;18
2341;0;9;18;1;0;0;0;0;22
2342;0;11;17;1;0;0;0;0;26
2343;10;9;20;1;0;0;0;0;32
2344;91;11;29;1;0;0;0;0;46
2345;233;8;38;1;0;13;0;0;54
2346;420;8;44;1;0;60;0;0;54
2347;662;10;59;1;0;168;0;0;54
2348;938;11;83;1;0;322;0;0;58
2349;1220;10;124;3;0;481;0;0;70
2350;1511;9;177;3;0;647;0;0;92
2351;1799;9;234;3;0;831;0;0;128
2352;2017;9;284;6;0;1020;0;0;163
2353;2182;10;336;12;0;1201;0;0;209
2354;2310;20;391;18;0;1359;0;0;261
2355;2385;37;436;27;0;1463;0;0;311
2356;2423;63;473;42;0;1512;0;5;358
2357;2453;94;494;56;0;1555;0;15;400
2358;2476;131;500;75;0;1592;0;30;430
2359;2483;173;501;96;0;1609;0;46;444
2360;2472;212;501;113;0;1609;0;64;450
2361;2429;254;499;128;0;1584;0;83;449
2362;2357;290;495;143;0;1536;0;103;443
2363;2256;315;489;155;0;1455;0;124;435
2364;2124;329;479;161;0;1339;0;141;426
2365;1982;340;466;165;0;1198;6;153;415
2366;1823;344;449;168;0;1036;22;162;403
2367;1658;345;429;169;0;848;49;170;392
2368;1492;347;402;168;0;659;83;177;381
2369;1328;349;373;168;0;490;123;183;370
2370;1172;348;342;168;0;333;173;190;360
2371;1032;349;311;167;0;202;234;196;350
2372;917;350;279;168;0;114;307;202;340
2373;805;350;248;170;0;54;383;208;332
2374;701;350;222;171;0;13;461;214;327
2375;604;350;196;172;0;0;542;220;326
2376;520;347;176;176;0;0;626;225;326
2377;451;346;159;181;0;0;713;230;329
2378;385;343;144;186;0;0;800;236;335
2379;325;339;132;190;0;0;885;245;341
2380;268;335;123;194;0;0;974;257;351
2381;214;327;114;197;0;0;1065;271;362
2382;165;320;105;200;0;0;1161;290;370
2383;122;310;96;204;0;0;1254;313;377
2384;84;299;88;204;0;0;1345;339;382
2385;53;284;80;200;0;0;1444;372;385
2386;31;268;73;196;0;0;1534;408;388
2387;15;249;63;187;0;0;1620;448;388
2388;6;225;54;173;0;0;1700;492;385
2389;1;202;45;157;0;0;1771;550;374
2390;0;170;36;137;0;0;1837;611;356
2391;0;141;28;116;0;0;1881;677;330
2392;0;112;22;91;0;0;1909;752;302
2393;0;85;15;71;0;0;1919;836;270
2394;0;59;10;51;0;0;1924;928;236
2395;0;39;6;35;0;0;1886;1026;203
2396;0;24;3;23;0;0;1784;1128;172
2397;0;13;2;16;0;0;1616;1220;146
2398;0;11;2;11;0;0;1400;1308;124
2399;0;10;2;6;0;0;1154;1392;106
2400;0;8;1;6;0;0;917;1461;89
2401;0;8;1;5;0;0;681;1491;75
2402;0;9;3;4;0;0;449;1436;61
2403;0;10;5;4;0;0;255;1308;47
2404;0;9;5;4;0;0;116;1152;34
2405;0;9;5;2;0;0;38;982;22
2406;3;9;7;2;0;0;0;788;12
2407;10;7;9;2;0;0;0;586;6
2408;14;9;9;2;0;0;0;384;2
2409;16;7;9;0;0;0;0;207;0
2410;16;6;7;0;0;0;0;102;0
2411;16;5;5;1;0;0;0;56;0
2412;16;5;5;1;0;0;0;26;0
2413;16;7;5;1;0;0;0;4;0
2414;12;8;3;3;0;0;0;0;0
2415;5;10;1;3;0;0;0;0;0
2416;2;8;1;4;0;0;0;0;0
2417;0;10;1;4;0;0;0;0;0
2418;0;10;2;4;0;0;0;0;0
2419;0;11;2;3;0;0;0;0;0
2420;0;11;2;4;0;0;0;0;0
2421;0;11;1;4;0;0;0;0;0
2422;0;10;1;5;0;0;0;0;0
2423;0;10;1;5;0;0;0;0;0
2424;0;12;1;5;0;0;0;0;0
2425;0;11;1;7;0;0;0;0;0
2426;0;12;0;7;0;0;0;0;0
2427;0;11;0;7;0;0;0;0;0
2428;0;11;1;5;0;0;0;0;0
2429;0;10;1;5;0;0;0;0;0
2430;0;10;2;3;0;0;0;0;0
2431;0;12;2;3;0;0;0;0;0
2432;0;11;4;1;0;0;0;0;0
2433;0;11;5;2;0;0;0;0;0
2434;0;12;5;4;0;0;0;0;0
2435;0;12;5;4;0;0;0;0;0
2436;0;12;4;4;0;0;0;0;0
2437;0;10;5;4;0;0;0;0;3
2438;0;9;4;4;0;0;0;0;8
2439;0;6;6;4;0;0;0;0;15
2440;0;6;8;4;0;0;0;0;24
2441;0;8;10;1;0;0;0;0;33
2442;0;6;13;0;0;0;0;0;42
2443;0;6;17;0;0;0;0;0;51
2444;4;6;25;0;0;0;0;0;65
2445;61;6;37;0;0;0;0;0;76
2446;177;6;55;0;0;0;0;0;85
2447;323;6;69;0;0;19;0;0;88
2448;509;6;84;0;0;69;0;0;90
2449;745;7;104;0;0;167;0;0;94
2450;995;7;135;1;0;296;0;0;101
2451;1248;7;182;1;0;419;0;0;117
2452;1511;9;235;3;0;573;0;0;145
2453;1722;10;283;3;0;735;0;0;182
2454;1878;13;328;6;0;887;0;0;224
2455;2003;13;375;12;0;1019;0;0;274
2456;2084;19;419;19;4;1133;0;0;327
2457;2107;39;459;31;16;1191;0;0;379
2458;2107;70;487;45;29;1211;0;3;430
2459;2093;109;500;63;46;1239;0;14;471
2460;2048;149;502;81;62;1228;0;31;495
2461;1992;194;502;102;79;1185;0;50;510
2462;1905;243;501;119;96;1136;0;71;519
2463;1805;295;499;134;113;1060;0;95;522
2464;1695;343;497;148;127;960;0;120;521
2465;1573;377;492;157;133;845;1;146;519
2466;1444;403;485;161;139;723;7;169;515
2467;1312;420;473;164;139;580;17;186;509
2468;1185;434;459;165;137;437;36;197;503
2469;1058;442;440;165;132;319;60;206;496
2470;948;445;419;166;127;216;90;213;488
2471;842;443;395;166;121;139;124;219;481
2472;741;437;366;165;113;76;163;223;473
2473;654;428;334;164;104;35;202;227;463
2474;572;417;303;163;94;8;243;231;454
2475;498;403;273;163;84;0;289;236;445
2476;427;390;245;162;76;0;329;241;435
2477;359;376;219;162;69;0;369;248;426
2478;301;363;192;161;63;0;409;259;417
2479;248;351;170;161;56;0;450;272;409
2480;197;340;153;161;48;0;501;290;402
2481;153;326;138;163;39;0;559;310;396
2482;116;313;124;165;31;0;617;336;390
2483;84;301;113;166;24;0;670;365;386
2484;59;288;103;168;18;0;726;396;383
2485;40;276;96;167;12;0;779;430;381
2486;25;264;90;168;7;0;834;465;379
2487;13;253;83;168;2;0;888;500;378
2488;6;242;76;165;0;0;932;539;376
2489;2;232;70;158;0;0;970;576;375
2490;0;223;64;149;0;0;1006;616;373
2491;0;212;58;135;0;0;1037;665;370
2492;0;200;53;121;0;0;1074;717;367
2493;0;184;48;108;0;0;1105;772;361
2494;0;164;42;94;0;0;1132;832;351
2495;0;141;34;80;0;0;1150;901;338
2496;0;116;29;65;0;0;1152;960;322
2497;0;93;26;50;0;0;1122;1015;305
2498;0;72;24;38;0;0;1045;1045;291
2499;0;51;22;30;0;0;915;1050;279
2500;0;35;17;23;0;0;764;1032;268
2501;0;23;13;18;0;0;615;1000;256
2502;0;17;10;14;0;0;464;957;244
2503;0;13;10;8;0;0;316;895;232
2504;0;13;8;5;0;0;181;827;223
2505;0;11;5;5;0;0;74;754;210
2506;0;11;2;5;0;0;9;686;192
2507;0;13;0;5;0;0;0;617;171
2508;0;12;2;5;0;0;0;550;148
2509;0;11;2;3;0;0;0;483;124
2510;0;9;4;1;0;0;0;410;101
2511;3;8;6;1;0;0;0;332;79
2512;9;8;8;0;0;0;0;256;59
2513;12;8;8;0;0;0;0;185;42
2514;15;7;10;0;0;0;0;126;28
2515;17;7;12;0;0;0;0;81;18
2516;18;7;12;0;0;0;0;50;9
2517;18;8;14;0;0;0;0;24;3
2518;18;10;14;0;0;0;0;7;1
2519;14;8;15;1;0;0;0;0;1
2520;9;7;15;1;0;0;0;0;1
2521;5;7;16;2;0;0;0;0;1
2522;2;5;14;2;0;0;0;0;1
2523;1;7;12;2;0;0;0;0;0
2524;0;8;10;2;0;0;0;0;2
2525;0;6;8;4;0;0;0;0;6
2526;0;5;5;6;0;0;0;0;11
2527;0;5;3;7;0;0;0;0;18
2528;0;7;1;7;0;0;0;0;25
2529;0;7;1;5;0;0;0;0;31
2530;0;7;1;5;0;0;0;0;38
2531;0;4;3;7;0;0;0;0;44
2532;0;3;3;7;0;0;0;0;48
2533;0;3;5;5;0;0;0;0;50
2534;0;1;7;3;0;0;0;0;50
2535;0;2;8;1;0;0;0;0;49
2536;0;2;10;1;0;0;0;0;47
2537;0;3;8;1;0;0;0;0;45
2538;0;5;8;1;0;0;0;0;42
2539;0;6;6;0;0;0;0;0;38
2540;0;8;8;0;0;0;0;0;33
2541;0;9;8;0;0;0;0;0;28
2542;0;9;6;1;0;0;0;0;23
2543;0;8;7;1;0;0;0;0;23
2544;0;7;13;1;0;0;0;0;28
2545;0;7;20;1;0;0;0;0;38
2546;0;7;25;1;0;0;0;0;52
2547;0;6;30;7;0;0;0;8;73
2548;4;7;41;12;0;0;0;26;102
2549;25;29;57;20;0;0;0;47;133
2550;57;56;74;25;0;0;0;73;168
2551;92;90;90;31;0;0;0;100;202
2552;127;124;101;38;0;0;0;128;234
2553;162;156;115;46;0;0;0;157;262
2554;196;187;134;54;0;0;0;187;289
2555;227;218;152;56;0;0;0;209;310
2556;252;245;161;58;0;0;0;222;325
2557;263;253;164;58;0;0;0;231;337
2558;263;259;167;59;0;0;0;237;345
2559;261;259;169;61;0;0;0;241;350
2560;262;258;172;62;0;0;0;245;353
2561;263;258;174;61;0;0;0;247;355
2562;267;259;174;61;0;0;0;250;358
2563;274;263;175;61;0;0;0;251;360
2564;286;267;179;61;0;0;0;253;364
2565;300;272;187;62;0;0;0;255;370
2566;317;279;198;62;0;0;0;257;379
2567;334;286;215;62;0;0;0;258;390
2568;352;294;230;65;0;0;0;259;403
2569;369;303;245;68;0;0;0;260;414
2570;386;312;261;72;2;0;0;261;426
2571;403;321;277;75;6;0;0;264;439
2572;417;330;292;79;12;0;0;266;450
2573;425;338;304;83;17;0;0;267;461
2574;431;342;313;87;24;0;0;268;469
2575;433;345;315;89;31;0;0;269;475
2576;433;346;316;89;37;0;0;271;479
2577;432;346;317;89;44;0;0;272;483
2578;430;346;316;87;48;0;0;273;486
2579;426;344;314;86;52;0;0;273;486
2580;422;342;310;84;53;0;0;273;486
2581;418;339;307;78;56;0;0;273;485
2582;414;336;306;74;56;0;0;273;484
2583;411;334;305;71;57;0;0;272;484
2584;408;331;305;69;57;0;0;271;483
2585;406;330;305;66;56;0;0;270;484
2586;405;329;306;63;57;0;0;268;483
2587;405;328;306;60;55;0;0;266;484
2588;407;326;307;59;53;0;0;264;484
2589;407;326;308;61;50;0;0;263;484
2590;408;325;308;61;49;0;0;261;485
2591;409;325;309;60;46;0;0;260;486
2592;410;326;310;59;45;0;0;259;487
2593;411;324;310;59;45;0;0;258;488
2594;412;323;311;59;41;0;0;256;489
2595;412;322;313;58;41;0;0;255;490
2596;413;322;316;57;40;0;0;254;492
2597;414;321;318;56;40;0;0;253;493
2598;415;320;322;55;39;0;0;251;494
2599;416;318;324;54;38;0;0;249;494
2600;418;315;326;54;36;0;0;247;495
2601;419;314;328;53;33;0;0;245;495
2602;420;312;330;53;30;0;0;243;495
2603;421;310;329;53;26;0;0;240;494
2604;422;307;328;54;25;0;0;238;493
2605;423;304;325;54;19;0;0;236;491
2606;422;303;322;54;15;0;0;235;489
2607;421;300;320;54;11;0;0;233;488
2608;420;296;317;52;8;0;0;231;486
2609;419;293;313;52;5;0;0;230;482
2610;418;290;309;53;4;0;0;229;480
2611;416;285;305;53;2;0;0;228;477
2612;415;281;300;51;0;0;0;227;473
2613;413;277;297;49;0;0;0;226;469
2614;411;271;292;47;0;0;0;225;465
2615;410;265;288;45;0;0;0;224;459
2616;408;261;283;45;0;0;0;223;455
2617;406;256;277;43;0;0;0;221;451
2618;404;253;271;41;0;0;0;220;446
2619;402;249;264;39;0;0;0;218;439
2620;399;245;256;39;0;0;0;217;433
2621;397;241;248;38;0;0;0;215;428
2622;395;237;241;39;0;0;0;214;423
2623;392;235;233;39;0;0;0;213;419
2624;389;232;227;38;0;0;0;212;415
2625;387;229;222;36;0;0;0;211;410
2626;385;225;215;34;0;0;0;210;405
2627;383;222;209;32;0;0;0;209;402
2628;381;219;205;28;0;0;0;209;399
2629;378;218;201;23;0;0;0;208;395
2630;375;216;196;18;0;0;0;207;390
2631;373;214;190;13;0;0;0;207;386
2632;370;214;183;10;0;0;0;207;382
2633;366;213;178;7;0;0;0;206;377
2634;362;213;175;4;0;0;0;206;374
2635;357;213;171;4;0;0;0;207;370
2636;352;214;166;3;0;0;0;207;366
2637;347;214;162;3;0;0;0;207;363
2638;343;214;160;4;0;0;0;208;360
2639;338;214;156;6;0;0;0;208;357
2640;334;213;155;8;0;0;0;208;355
2641;331;213;154;11;0;0;0;208;354
2642;329;214;151;15;0;0;0;208;351
2643;327;214;151;17;0;0;0;209;350
2644;324;214;152;20;0;0;0;209;349
2645;323;213;152;26;0;0;0;209;348
2646;321;214;153;29;0;0;0;209;348
2647;318;214;155;31;0;0;0;210;349
2648;316;214;154;34;0;0;0;210;350
2649;313;214;155;34;0;0;0;211;350
2650;310;214;154;34;0;0;0;211;351
2651;307;214;154;35;0;0;0;211;351
2652;305;214;153;37;0;0;0;212;352
2653;304;215;152;37;0;0;0;212;353
2654;301;214;152;37;0;0;0;212;353
2655;300;213;152;38;0;0;0;213;355
2656;298;213;153;38;0;0;0;213;355
2657;297;213;153;38;0;0;0;213;356
2658;295;213;155;38;0;0;0;213;358
2659;294;213;155;39;0;0;0;214;359
2660;292;212;155;38;0;0;0;214;360
2661;290;213;156;38;0;0;0;214;362
2662;289;213;157;38;0;0;0;214;363
2663;287;214;158;38;0;0;0;214;363
2664;286;214;158;39;0;0;0;214;364
2665;285;214;160;39;0;0;0;214;364
2666;284;214;160;40;0;0;0;214;365
2667;283;215;160;40;0;0;0;214;365
2668;282;217;162;41;0;0;0;214;366
2669;282;217;162;41;0;0;0;214;367
2670;282;216;162;41;0;0;0;214;368
2671;282;217;161;41;0;0;0;215;369
2672;282;216;162;39;0;0;0;214;369
2673;282;217;162;39;0;0;0;214;371
2674;284;218;163;39;0;0;0;215;372
2675;286;217;166;39;0;0;0;214;374
2676;287;216;169;39;0;0;0;214;376
2677;289;216;171;39;0;0;0;214;377
2678;292;217;173;39;0;0;0;214;378
2679;293;217;177;38;0;0;0;214;379
2680;295;217;179;38;0;0;0;213;380
2681;298;215;182;38;0;0;0;213;382
2682;300;215;186;38;0;0;0;213;382
2683;302;214;189;38;0;0;0;213;382
2684;304;213;192;37;0;0;0;213;382
2685;306;212;196;37;0;0;0;212;383
2686;309;211;201;36;0;0;0;212;385
2687;312;209;205;37;0;0;0;211;387
2688;315;209;209;35;0;0;0;211;389
2689;318;209;214;35;0;0;0;210;390
2690;321;210;217;36;0;0;0;210;391
2691;324;210;220;35;0;0;0;210;393
2692;327;211;222;36;0;0;0;210;394
2693;330;212;224;36;0;0;0;209;395
2694;332;214;226;36;0;0;0;209;395
2695;334;216;228;36;0;0;0;209;395
2696;337;216;232;38;0;0;0;209;396
2697;340;217;234;38;0;0;0;209;396
2698;343;217;237;38;0;0;0;209;397
2699;346;219;239;37;0;0;0;208;398
2700;350;218;242;37;0;0;0;208;398
2701;354;218;243;37;0;0;0;208;399
2702;359;218;243;37;0;0;0;208;400
2703;364;218;242;37;0;0;0;208;401
2704;368;218;242;38;0;0;0;207;401
2705;372;218;241;39;0;0;0;208;401
2706;375;219;240;38;0;0;0;207;401
2707;377;219;240;39;0;0;0;207;401
2708;380;220;239;39;0;0;0;207;402
2709;383;221;238;40;0;0;0;207;402
2710;387;222;240;39;0;0;0;206;402
2711;391;223;242;39;0;0;0;205;403
2712;394;223;244;38;0;0;0;204;404
2713;398;223;245;37;0;0;0;203;405
2714;402;224;249;37;0;0;0;201;405
2715;407;223;251;36;0;0;0;199;406
2716;413;223;255;36;0;0;0;197;407
2717;419;222;259;36;0;0;0;196;407
2718;425;223;263;36;0;0;0;194;407
2719;433;222;266;36;0;0;0;192;407
2720;440;222;268;34;0;0;0;190;407
2721;449;221;271;31;0;0;0;188;406
2722;458;222;273;31;0;0;0;186;406
2723;467;223;277;30;0;0;0;185;406
2724;474;222;279;28;0;0;0;183;405
2725;481;222;281;27;0;0;0;182;405
2726;485;222;282;24;0;0;0;181;405
2727;489;223;284;21;0;0;0;179;404
2728;494;224;284;23;0;0;0;178;404
2729;496;224;285;20;0;0;0;178;404
2730;497;223;286;19;0;0;0;176;404
2731;497;223;285;15;0;0;0;176;404
2732;498;223;284;13;0;0;0;175;404
2733;498;224;283;12;0;0;0;174;404
2734;500;223;284;11;0;0;0;174;404
2735;501;223;283;11;0;0;0;173;403
2736;502;222;284;9;0;0;0;172;403
2737;504;221;284;9;0;0;0;171;402
2738;506;220;284;8;0;0;0;170;402
2739;509;218;285;10;0;0;0;169;401
2740;511;217;287;12;0;0;0;168;400
2741;515;216;287;12;0;0;0;166;399
2742;518;215;287;10;0;0;0;165;398
2743;521;213;287;8;0;0;0;163;397
2744;525;213;286;9;0;0;0;162;396
2745;528;211;286;9;0;0;0;162;396
2746;532;211;286;10;0;0;0;161;395
2747;535;211;286;8;0;0;0;160;393
2748;538;211;284;8;0;0;0;159;392
2749;541;211;285;7;0;0;0;159;391
2750;543;209;286;9;0;0;0;159;389
2751;544;208;287;10;0;0;0;159;388
2752;546;206;286;10;0;0;0;159;387
2753;546;208;286;12;0;0;0;159;385
2754;547;208;285;11;0;0;0;158;385
2755;546;207;285;11;0;0;0;158;385
2756;546;207;284;11;0;0;0;158;384
2757;545;207;283;11;0;0;0;159;384
2758;544;206;282;11;0;0;0;159;384
2759;543;207;281;12;0;0;0;159;384
2760;542;210;281;10;0;0;0;159;384
2761;540;209;282;8;0;0;0;160;384
2762;538;209;282;7;0;0;0;160;385
2763;536;210;282;7;0;0;0;160;385
2764;534;210;282;7;0;0;0;160;385
2765;532;210;283;7;0;0;0;160;386
2766;530;212;283;7;0;0;0;160;386
2767;529;212;284;7;0;0;0;160;386
2768;527;211;283;10;0;0;0;160;386
2769;525;212;283;11;0;0;0;160;386
2770;523;212;283;14;0;0;0;160;386
2771;520;211;283;16;0;0;0;160;386
2772;519;212;283;17;0;0;0;161;387
2773;518;212;282;19;0;0;0;161;387
2774;516;213;283;21;0;0;0;161;387
2775;514;214;283;22;0;0;0;161;387
2776;513;213;283;23;0;0;0;161;387
2777;512;213;283;24;0;0;0;161;387
2778;512;213;284;24;0;0;0;161;387
2779;511;213;285;26;0;0;0;162;387
2780;510;213;285;27;0;0;0;162;387
2781;508;213;286;27;0;0;0;162;387
2782;506;212;285;27;0;0;0;162;388
2783;503;211;286;28;0;0;0;163;388
2784;499;211;286;27;0;0;0;163;388
2785;497;211;286;28;0;0;0;164;388
2786;494;211;286;28;0;0;0;164;389
2787;490;212;287;26;0;0;0;164;389
2788;488;212;287;26;0;0;0;164;390
2789;485;212;285;28;0;0;0;164;390
2790;484;212;284;27;0;0;0;164;391
2791;484;212;284;26;0;0;0;164;392
2792;484;211;283;27;0;0;0;165;393
2793;483;213;282;26;0;0;0;165;393
2794;483;215;281;27;0;0;0;166;394
2795;483;215;281;27;0;0;0;166;394
2796;482;216;280;26;0;0;0;166;394
2797;483;215;280;26;0;0;0;166;394
2798;483;214;280;26;0;0;0;167;393
2799;483;214;280;26;0;0;0;167;393
2800;483;215;280;26;0;0;0;166;392
2801;484;214;281;26;0;0;0;166;392
2802;484;211;281;26;0;0;0;165;392
2803;484;211;282;27;0;0;0;165;392
2804;486;210;283;26;0;0;0;165;392
2805;487;211;283;25;0;0;0;164;393
2806;487;212;283;25;0;0;0;164;393
2807;489;212;284;26;0;0;0;164;393
2808;491;213;283;26;0;0;0;164;393
2809;493;213;283;28;0;0;0;165;393
2810;496;213;282;27;0;0;0;165;393
2811;498;213;281;26;0;0;0;165;392
2812;500;212;281;26;0;0;0;165;392
2813;503;213;281;26;0;0;0;165;391
2814;504;213;280;26;0;0;0;165;391
2815;506;212;280;25;0;0;0;165;391
2816;507;211;280;25;0;0;0;164;390
2817;508;212;281;22;0;0;0;164;389
2818;509;212;281;22;0;0;0;164;389
2819;510;212;281;23;0;0;0;164;389
2820;510;214;281;23;0;0;0;164;389
2821;510;214;282;24;0;0;0;163;389
2822;512;215;284;23;0;0;0;163;389
2823;514;214;284;23;0;0;0;162;389
2824;515;213;284;21;0;0;0;162;388
2825;518;212;284;19;0;0;0;162;388
2826;521;212;284;18;0;0;0;161;388
2827;525;213;284;16;0;0;0;161;388
2828;529;212;284;14;0;0;0;160;387
2829;534;212;284;10;0;0;0;160;387
2830;537;211;283;8;0;0;0;160;386
2831;539;211;283;5;0;0;0;160;386
2832;542;213;284;7;0;0;0;160;386
2833;543;212;285;9;0;0;0;160;386
2834;545;211;285;7;0;0;0;160;386
2835;547;210;285;6;0;0;0;160;385
2836;548;209;286;4;0;0;0;159;385
2837;549;207;287;4;0;0;0;159;385
2838;552;205;288;4;0;0;0;159;385
2839;555;205;290;4;0;0;0;158;384
2840;558;205;290;2;0;0;0;157;383
2841;562;205;290;0;0;0;0;156;383
2842;566;206;291;0;0;0;0;156;382
2843;569;207;291;2;0;0;0;156;381
2844;573;209;292;2;0;0;0;155;381
2845;577;210;293;3;0;0;0;155;381
2846;580;212;294;3;0;0;0;154;380
2847;584;211;293;3;0;0;0;154;380
2848;588;213;293;5;0;0;0;154;380
2849;590;213;293;5;0;0;0;154;379
2850;592;213;293;8;0;0;0;154;379
2851;593;213;294;8;0;0;0;153;379
2852;594;214;294;11;0;0;0;153;379
2853;597;215;294;12;0;0;0;153;378
2854;599;214;294;15;0;0;0;153;377
2855;601;214;294;18;0;0;0;153;377
2856;603;214;293;20;0;0;0;153;377
2857;605;215;293;23;0;0;0;153;376
2858;607;214;293;25;0;0;0;153;376
2859;610;213;293;25;0;0;0;153;376
2860;613;213;293;24;0;0;0;153;376
2861;614;212;293;25;0;0;0;153;376
2862;615;213;292;25;0;0;0;153;376
2863;615;213;292;25;0;0;0;153;377
2864;615;211;293;24;0;0;0;153;377
2865;617;211;293;25;0;0;0;154;377
2866;616;211;292;23;0;0;0;154;377
2867;615;212;292;23;0;0;0;154;377
2868;615;212;292;24;0;0;0;154;378
2869;614;213;291;26;0;0;0;154;378
2870;612;212;291;27;0;0;0;154;379
2871;610;213;291;28;0;0;0;154;380
2872;608;215;291;28;0;0;0;154;380
2873;605;216;291;29;0;0;0;155;381
2874;602;216;292;30;0;0;0;154;382
2875;601;216;291;31;0;0;0;154;384
2876;598;217;291;32;0;0;0;154;385
2877;595;217;291;32;0;0;0;154;386
2878;594;218;292;31;0;0;0;154;386
2879;591;217;291;33;0;0;0;155;388
2880;589;216;291;33;0;0;0;155;388
2881;586;216;292;34;0;0;0;155;389
2882;584;215;292;32;0;0;0;155;389
2883;582;215;291;30;0;0;0;155;389
2884;578;215;292;29;0;0;0;156;389
2885;575;216;292;28;0;0;0;157;389
2886;571;215;291;27;0;0;0;158;390
2887;566;217;292;25;0;0;0;158;390
2888;561;219;291;25;0;0;0;159;391
2889;557;220;291;24;0;0;0;160;391
2890;552;220;292;26;0;0;0;160;391
2891;547;221;293;28;0;0;0;160;391
2892;543;221;292;29;0;0;0;160;391
2893;539;220;292;28;0;0;0;160;391
2894;535;219;292;29;0;0;0;160;391
2895;532;218;291;30;0;0;0;161;391
2896;529;215;290;30;0;0;0;160;391
2897;526;213;290;30;0;0;0;160;392
2898;524;214;288;28;0;0;0;160;392
2899;521;214;287;27;0;0;0;160;391
2900;518;213;287;26;0;0;0;161;392
2901;516;213;286;27;0;0;0;161;392
2902;514;214;287;28;0;0;0;161;391
2903;512;214;287;26;0;0;0;161;391
2904;510;215;288;28;0;0;0;161;391
2905;507;216;288;29;0;0;0;161;391
2906;504;216;287;30;0;0;0;161;391
2907;502;215;286;31;0;0;0;162;391
2908;498;215;286;32;0;0;0;162;391
2909;495;216;285;33;0;0;0;162;391
2910;492;216;285;34;0;0;0;162;392
2911;488;216;284;37;0;0;0;162;393
2912;486;215;282;36;0;0;0;163;393
2913;483;216;281;35;0;0;0;163;394
2914;480;217;282;35;0;0;0;163;395
2915;477;218;283;37;0;0;0;163;396
2916;475;218;282;37;0;0;0;163;397
2917;473;219;282;37;0;0;0;163;397
2918;472;219;282;37;0;0;0;163;398
2919;471;220;281;36;0;0;0;163;399
2920;470;222;281;36;0;0;0;163;399
2921;469;223;281;36;0;0;0;163;400
2922;469;223;280;37;0;0;0;164;400
2923;468;223;280;37;0;0;0;164;400
2924;468;222;280;37;0;0;0;164;399
2925;468;222;280;38;0;0;0;164;399
2926;468;223;280;38;0;0;0;164;399
2927;469;222;279;38;0;0;0;164;399
2928;470;222;279;38;0;0;0;164;399
2929;471;222;280;39;0;0;0;164;398
2930;473;221;281;41;0;0;0;164;398
2931;476;220;280;40;0;0;0;163;399
2932;480;220;280;40;0;0;0;163;398
2933;484;219;281;41;0;0;0;163;398
2934;488;219;281;41;0;0;0;162;398
2935;492;218;283;41;0;0;0;162;398
2936;497;217;283;41;0;0;0;162;398
2937;500;216;283;40;0;0;0;162;398
2938;504;217;284;39;0;0;0;162;397
2939;507;216;286;38;0;0;0;161;396
2940;510;215;286;37;0;0;0;161;396
2941;513;215;286;36;0;0;0;161;396
2942;516;214;287;36;0;0;0;161;395
2943;519;214;286;35;0;0;0;161;394
2944;521;214;286;34;0;0;0;161;393
2945;525;214;287;34;0;0;0;161;392
2946;528;214;287;34;0;0;0;161;392
2947;531;213;287;35;0;0;0;161;391
2948;533;215;286;34;0;0;0;161;390
2949;535;216;286;33;0;0;0;161;391
2950;538;217;287;33;0;0;0;160;391
2951;540;217;287;33;0;0;0;160;391
2952;543;217;287;32;0;0;0;160;390
2953;544;218;286;33;0;0;0;160;391
2954;546;217;285;32;0;0;0;159;391
2955;547;218;284;31;0;0;0;159;391
2956;548;216;285;32;0;0;0;159;391
2957;550;215;286;32;0;0;0;158;390
2958;551;216;285;29;0;0;0;158;389
2959;552;217;284;30;0;0;0;158;389
2960;553;216;284;31;0;0;0;157;389
2961;554;217;285;30;0;0;0;157;388
2962;555;218;284;28;0;0;0;157;388
2963;555;218;285;29;0;0;0;157;388
2964;555;218;285;29;0;0;0;157;388
2965;555;218;285;28;0;0;0;157;389
2966;555;217;286;30;0;0;0;157;389
2967;554;217;286;28;0;0;0;156;388
2968;555;217;288;28;0;0;0;157;388
2969;555;216;288;28;0;0;0;156;389
2970;555;215;289;29;0;0;0;157;389
2971;554;215;290;28;0;0;0;157;389
2972;555;215;290;27;0;0;0;157;389
2973;555;215;289;27;0;0;0;157;389
2974;555;216;288;25;0;0;0;157;389
2975;556;215;288;27;0;0;0;157;389
2976;556;216;286;25;0;0;0;157;389
2977;556;216;286;27;0;0;0;157;389
2978;557;216;286;27;0;0;0;157;389
2979;557;217;286;28;0;0;0;157;389
2980;556;217;286;32;0;0;0;157;389
2981;556;216;286;34;0;0;0;157;388
2982;555;216;287;36;0;0;0;157;388
2983;554;216;287;36;0;0;0;157;388
2984;553;217;288;38;0;0;0;157;388
2985;551;216;288;37;0;0;0;157;388
2986;549;216;288;37;0;0;0;157;388
2987;548;215;290;38;0;0;0;157;388
2988;548;216;289;36;0;0;0;157;388
2989;548;216;289;37;0;0;0;157;389
2990;548;216;289;38;0;0;0;158;390
2991;548;217;288;38;0;0;0;158;390
2992;547;215;288;38;0;0;0;158;390
2993;549;216;289;37;0;0;0;158;390
2994;549;216;288;37;0;0;0;158;391
2995;549;216;286;37;0;0;0;158;391
2996;549;216;287;37;0;0;0;159;391
2997;549;216;287;39;0;0;0;159;390
2998;549;216;287;37;0;0;0;159;389
2999;549;214;288;38;0;0;0;159;389
3000;548;215;288;40;0;0;0;159;390
3001;548;214;287;41;0;0;0;159;390
3002;548;214;288;42;0;0;0;159;390
3003;548;215;289;41;0;0;0;159;390
3004;548;215;289;42;0;0;0;159;390
3005;547;216;288;42;0;0;0;158;391
3006;547;216;288;44;0;0;0;158;391
3007;547;215;288;43;0;0;0;158;391
3008;548;216;288;41;0;0;0;159;391
3009;547;216;289;41;0;0;0;158;391
3010;548;215;288;41;0;0;0;158;390
3011;548;215;288;41;0;0;0;158;390
3012;548;214;289;40;0;0;0;158;389
3013;548;214;288;40;0;0;0;158;389
3014;549;213;289;40;0;0;0;158;389
3015;549;214;289;41;0;0;0;158;389
3016;549;214;289;41;0;0;0;159;389
3017;550;213;288;41;0;0;0;159;389
3018;550;214;288;41;0;0;0;159;389
3019;551;214;288;42;0;0;0;158;389
3020;552;213;288;41;0;0;0;158;390
3021;553;213;287;40;0;0;0;157;389
3022;554;213;287;40;0;0;0;157;389
3023;555;214;287;39;0;0;0;157;388
3024;556;213;286;40;0;0;0;156;388
3025;557;214;287;40;0;0;0;156;389
3026;558;214;288;41;0;0;0;156;388
3027;560;214;287;40;0;0;0;156;387
3028;561;215;287;40;0;0;0;156;386
3029;562;215;287;41;0;0;0;156;386
3030;563;215;288;39;0;0;0;156;386
3031;564;214;288;40;0;0;0;156;385
3032;565;215;288;40;0;0;0;156;384
3033;567;215;288;40;0;0;0;156;383
3034;567;214;287;39;0;0;0;156;383
3035;568;214;287;41;0;0;0;156;382
3036;571;213;287;41;0;0;0;155;383
3037;572;213;286;40;0;0;0;155;382
3038;573;214;286;40;0;0;0;155;381
3039;575;214;285;41;0;0;0;155;380
3040;575;213;285;40;0;0;0;155;380
3041;576;214;285;41;0;0;0;155;380
3042;578;214;284;42;0;0;0;155;380
3043;578;215;284;41;0;0;0;155;380
3044;578;215;284;41;0;0;0;155;379
3045;578;215;284;41;0;0;0;154;378
3046;578;215;284;41;0;0;0;154;378
3047;578;216;284;40;0;0;0;154;378
3048;577;216;284;41;0;0;0;153;378
3049;577;215;285;40;0;0;0;153;378
3050;577;216;285;40;0;0;0;153;378
3051;577;215;285;41;0;0;0;153;378
3052;0;0;0;0;0;0;0;0;0
3053;0;0;0;0;0;0;0;0;0
3054;0;0;0;0;0;0;0;0;0
3055;0;0;0;0;0;0;0;0;0
3056;0;0;0;0;0;0;0;0;0
3057;0;0;0;0;0;0;0;0;0
3058;0;0;0;0;0;0;0;0;0
3059;0;0;0;0;0;0;0;0;0
3060;0;0;0;0;0;0;0;0;0
